solid schneggi_base_pcb_components
  facet normal 0.997859 0.065403 0.000000
    outer loop
      vertex 17.500000 14.000000 3.800000
      vertex 17.491445 14.130526 3.800000
      vertex 17.491445 14.130526 5.400000
    endloop
  endfacet
  facet normal 0.997859 0.065403 -0.000000
    outer loop
      vertex 17.500000 14.000000 3.800000
      vertex 17.491445 14.130526 5.400000
      vertex 17.500000 14.000000 5.400000
    endloop
  endfacet
  facet normal 0.000000 0.000000 1.000000
    outer loop
      vertex 0.000000 0.000000 3.800000
      vertex 17.500000 14.000000 3.800000
      vertex 17.491445 14.130526 3.800000
    endloop
  endfacet
  facet normal 0.000000 0.000000 -1.000000
    outer loop
      vertex 0.000000 0.000000 5.400000
      vertex 17.491445 14.130526 5.400000
      vertex 17.500000 14.000000 5.400000
    endloop
  endfacet
  facet normal 0.980785 0.195090 0.000000
    outer loop
      vertex 17.491445 14.130526 3.800000
      vertex 17.465926 14.258819 3.800000
      vertex 17.465926 14.258819 5.400000
    endloop
  endfacet
  facet normal 0.980785 0.195090 -0.000000
    outer loop
      vertex 17.491445 14.130526 3.800000
      vertex 17.465926 14.258819 5.400000
      vertex 17.491445 14.130526 5.400000
    endloop
  endfacet
  facet normal 0.000000 0.000000 1.000000
    outer loop
      vertex 0.000000 0.000000 3.800000
      vertex 17.491445 14.130526 3.800000
      vertex 17.465926 14.258819 3.800000
    endloop
  endfacet
  facet normal 0.000000 0.000000 -1.000000
    outer loop
      vertex 0.000000 0.000000 5.400000
      vertex 17.465926 14.258819 5.400000
      vertex 17.491445 14.130526 5.400000
    endloop
  endfacet
  facet normal 0.946930 0.321439 0.000000
    outer loop
      vertex 17.465926 14.258819 3.800000
      vertex 17.423880 14.382683 3.800000
      vertex 17.423880 14.382683 5.400000
    endloop
  endfacet
  facet normal 0.946930 0.321439 -0.000000
    outer loop
      vertex 17.465926 14.258819 3.800000
      vertex 17.423880 14.382683 5.400000
      vertex 17.465926 14.258819 5.400000
    endloop
  endfacet
  facet normal 0.000000 0.000000 1.000000
    outer loop
      vertex 0.000000 0.000000 3.800000
      vertex 17.465926 14.258819 3.800000
      vertex 17.423880 14.382683 3.800000
    endloop
  endfacet
  facet normal 0.000000 0.000000 -1.000000
    outer loop
      vertex 0.000000 0.000000 5.400000
      vertex 17.423880 14.382683 5.400000
      vertex 17.465926 14.258819 5.400000
    endloop
  endfacet
  facet normal 0.896873 0.442289 0.000000
    outer loop
      vertex 17.423880 14.382683 3.800000
      vertex 17.366025 14.500000 3.800000
      vertex 17.366025 14.500000 5.400000
    endloop
  endfacet
  facet normal 0.896873 0.442289 -0.000000
    outer loop
      vertex 17.423880 14.382683 3.800000
      vertex 17.366025 14.500000 5.400000
      vertex 17.423880 14.382683 5.400000
    endloop
  endfacet
  facet normal 0.000000 0.000000 1.000000
    outer loop
      vertex 0.000000 0.000000 3.800000
      vertex 17.423880 14.382683 3.800000
      vertex 17.366025 14.500000 3.800000
    endloop
  endfacet
  facet normal 0.000000 0.000000 -1.000000
    outer loop
      vertex 0.000000 0.000000 5.400000
      vertex 17.366025 14.500000 5.400000
      vertex 17.423880 14.382683 5.400000
    endloop
  endfacet
  facet normal 0.831470 0.555570 0.000000
    outer loop
      vertex 17.366025 14.500000 3.800000
      vertex 17.293353 14.608761 3.800000
      vertex 17.293353 14.608761 5.400000
    endloop
  endfacet
  facet normal 0.831470 0.555570 -0.000000
    outer loop
      vertex 17.366025 14.500000 3.800000
      vertex 17.293353 14.608761 5.400000
      vertex 17.366025 14.500000 5.400000
    endloop
  endfacet
  facet normal 0.000000 0.000000 1.000000
    outer loop
      vertex 0.000000 0.000000 3.800000
      vertex 17.366025 14.500000 3.800000
      vertex 17.293353 14.608761 3.800000
    endloop
  endfacet
  facet normal 0.000000 0.000000 -1.000000
    outer loop
      vertex 0.000000 0.000000 5.400000
      vertex 17.293353 14.608761 5.400000
      vertex 17.366025 14.500000 5.400000
    endloop
  endfacet
  facet normal 0.751840 0.659346 0.000000
    outer loop
      vertex 17.293353 14.608761 3.800000
      vertex 17.207107 14.707107 3.800000
      vertex 17.207107 14.707107 5.400000
    endloop
  endfacet
  facet normal 0.751840 0.659346 -0.000000
    outer loop
      vertex 17.293353 14.608761 3.800000
      vertex 17.207107 14.707107 5.400000
      vertex 17.293353 14.608761 5.400000
    endloop
  endfacet
  facet normal 0.000000 0.000000 1.000000
    outer loop
      vertex 0.000000 0.000000 3.800000
      vertex 17.293353 14.608761 3.800000
      vertex 17.207107 14.707107 3.800000
    endloop
  endfacet
  facet normal 0.000000 0.000000 -1.000000
    outer loop
      vertex 0.000000 0.000000 5.400000
      vertex 17.207107 14.707107 5.400000
      vertex 17.293353 14.608761 5.400000
    endloop
  endfacet
  facet normal 0.659346 0.751840 0.000000
    outer loop
      vertex 17.207107 14.707107 3.800000
      vertex 17.108761 14.793353 3.800000
      vertex 17.108761 14.793353 5.400000
    endloop
  endfacet
  facet normal 0.659346 0.751840 -0.000000
    outer loop
      vertex 17.207107 14.707107 3.800000
      vertex 17.108761 14.793353 5.400000
      vertex 17.207107 14.707107 5.400000
    endloop
  endfacet
  facet normal 0.000000 0.000000 1.000000
    outer loop
      vertex 0.000000 0.000000 3.800000
      vertex 17.207107 14.707107 3.800000
      vertex 17.108761 14.793353 3.800000
    endloop
  endfacet
  facet normal 0.000000 0.000000 -1.000000
    outer loop
      vertex 0.000000 0.000000 5.400000
      vertex 17.108761 14.793353 5.400000
      vertex 17.207107 14.707107 5.400000
    endloop
  endfacet
  facet normal 0.555570 0.831470 0.000000
    outer loop
      vertex 17.108761 14.793353 3.800000
      vertex 17.000000 14.866025 3.800000
      vertex 17.000000 14.866025 5.400000
    endloop
  endfacet
  facet normal 0.555570 0.831470 -0.000000
    outer loop
      vertex 17.108761 14.793353 3.800000
      vertex 17.000000 14.866025 5.400000
      vertex 17.108761 14.793353 5.400000
    endloop
  endfacet
  facet normal 0.000000 0.000000 1.000000
    outer loop
      vertex 0.000000 0.000000 3.800000
      vertex 17.108761 14.793353 3.800000
      vertex 17.000000 14.866025 3.800000
    endloop
  endfacet
  facet normal 0.000000 0.000000 -1.000000
    outer loop
      vertex 0.000000 0.000000 5.400000
      vertex 17.000000 14.866025 5.400000
      vertex 17.108761 14.793353 5.400000
    endloop
  endfacet
  facet normal 0.442289 0.896873 0.000000
    outer loop
      vertex 17.000000 14.866025 3.800000
      vertex 16.882683 14.923880 3.800000
      vertex 16.882683 14.923880 5.400000
    endloop
  endfacet
  facet normal 0.442289 0.896873 -0.000000
    outer loop
      vertex 17.000000 14.866025 3.800000
      vertex 16.882683 14.923880 5.400000
      vertex 17.000000 14.866025 5.400000
    endloop
  endfacet
  facet normal 0.000000 0.000000 1.000000
    outer loop
      vertex 0.000000 0.000000 3.800000
      vertex 17.000000 14.866025 3.800000
      vertex 16.882683 14.923880 3.800000
    endloop
  endfacet
  facet normal 0.000000 0.000000 -1.000000
    outer loop
      vertex 0.000000 0.000000 5.400000
      vertex 16.882683 14.923880 5.400000
      vertex 17.000000 14.866025 5.400000
    endloop
  endfacet
  facet normal 0.321439 0.946930 0.000000
    outer loop
      vertex 16.882683 14.923880 3.800000
      vertex 16.758819 14.965926 3.800000
      vertex 16.758819 14.965926 5.400000
    endloop
  endfacet
  facet normal 0.321439 0.946930 -0.000000
    outer loop
      vertex 16.882683 14.923880 3.800000
      vertex 16.758819 14.965926 5.400000
      vertex 16.882683 14.923880 5.400000
    endloop
  endfacet
  facet normal 0.000000 0.000000 1.000000
    outer loop
      vertex 0.000000 0.000000 3.800000
      vertex 16.882683 14.923880 3.800000
      vertex 16.758819 14.965926 3.800000
    endloop
  endfacet
  facet normal 0.000000 0.000000 -1.000000
    outer loop
      vertex 0.000000 0.000000 5.400000
      vertex 16.758819 14.965926 5.400000
      vertex 16.882683 14.923880 5.400000
    endloop
  endfacet
  facet normal 0.195090 0.980785 0.000000
    outer loop
      vertex 16.758819 14.965926 3.800000
      vertex 16.630526 14.991445 3.800000
      vertex 16.630526 14.991445 5.400000
    endloop
  endfacet
  facet normal 0.195090 0.980785 -0.000000
    outer loop
      vertex 16.758819 14.965926 3.800000
      vertex 16.630526 14.991445 5.400000
      vertex 16.758819 14.965926 5.400000
    endloop
  endfacet
  facet normal 0.000000 0.000000 1.000000
    outer loop
      vertex 0.000000 0.000000 3.800000
      vertex 16.758819 14.965926 3.800000
      vertex 16.630526 14.991445 3.800000
    endloop
  endfacet
  facet normal 0.000000 0.000000 -1.000000
    outer loop
      vertex 0.000000 0.000000 5.400000
      vertex 16.630526 14.991445 5.400000
      vertex 16.758819 14.965926 5.400000
    endloop
  endfacet
  facet normal 0.065403 0.997859 0.000000
    outer loop
      vertex 16.630526 14.991445 3.800000
      vertex 16.500000 15.000000 3.800000
      vertex 16.500000 15.000000 5.400000
    endloop
  endfacet
  facet normal 0.065403 0.997859 -0.000000
    outer loop
      vertex 16.630526 14.991445 3.800000
      vertex 16.500000 15.000000 5.400000
      vertex 16.630526 14.991445 5.400000
    endloop
  endfacet
  facet normal 0.000000 0.000000 1.000000
    outer loop
      vertex 0.000000 0.000000 3.800000
      vertex 16.630526 14.991445 3.800000
      vertex 16.500000 15.000000 3.800000
    endloop
  endfacet
  facet normal 0.000000 0.000000 -1.000000
    outer loop
      vertex 0.000000 0.000000 5.400000
      vertex 16.500000 15.000000 5.400000
      vertex 16.630526 14.991445 5.400000
    endloop
  endfacet
  facet normal 0.000000 1.000000 0.000000
    outer loop
      vertex 16.500000 15.000000 3.800000
      vertex -16.500000 15.000000 3.800000
      vertex -16.500000 15.000000 5.400000
    endloop
  endfacet
  facet normal 0.000000 1.000000 -0.000000
    outer loop
      vertex 16.500000 15.000000 3.800000
      vertex -16.500000 15.000000 5.400000
      vertex 16.500000 15.000000 5.400000
    endloop
  endfacet
  facet normal 0.000000 -0.000000 1.000000
    outer loop
      vertex 0.000000 0.000000 3.800000
      vertex 16.500000 15.000000 3.800000
      vertex -16.500000 15.000000 3.800000
    endloop
  endfacet
  facet normal 0.000000 0.000000 -1.000000
    outer loop
      vertex 0.000000 0.000000 5.400000
      vertex -16.500000 15.000000 5.400000
      vertex 16.500000 15.000000 5.400000
    endloop
  endfacet
  facet normal -0.065403 0.997859 0.000000
    outer loop
      vertex -16.500000 15.000000 3.800000
      vertex -16.630526 14.991445 3.800000
      vertex -16.630526 14.991445 5.400000
    endloop
  endfacet
  facet normal -0.065403 0.997859 0.000000
    outer loop
      vertex -16.500000 15.000000 3.800000
      vertex -16.630526 14.991445 5.400000
      vertex -16.500000 15.000000 5.400000
    endloop
  endfacet
  facet normal 0.000000 0.000000 1.000000
    outer loop
      vertex 0.000000 0.000000 3.800000
      vertex -16.500000 15.000000 3.800000
      vertex -16.630526 14.991445 3.800000
    endloop
  endfacet
  facet normal 0.000000 0.000000 -1.000000
    outer loop
      vertex 0.000000 0.000000 5.400000
      vertex -16.630526 14.991445 5.400000
      vertex -16.500000 15.000000 5.400000
    endloop
  endfacet
  facet normal -0.195090 0.980785 0.000000
    outer loop
      vertex -16.630526 14.991445 3.800000
      vertex -16.758819 14.965926 3.800000
      vertex -16.758819 14.965926 5.400000
    endloop
  endfacet
  facet normal -0.195090 0.980785 0.000000
    outer loop
      vertex -16.630526 14.991445 3.800000
      vertex -16.758819 14.965926 5.400000
      vertex -16.630526 14.991445 5.400000
    endloop
  endfacet
  facet normal 0.000000 0.000000 1.000000
    outer loop
      vertex 0.000000 0.000000 3.800000
      vertex -16.630526 14.991445 3.800000
      vertex -16.758819 14.965926 3.800000
    endloop
  endfacet
  facet normal 0.000000 0.000000 -1.000000
    outer loop
      vertex 0.000000 0.000000 5.400000
      vertex -16.758819 14.965926 5.400000
      vertex -16.630526 14.991445 5.400000
    endloop
  endfacet
  facet normal -0.321439 0.946930 0.000000
    outer loop
      vertex -16.758819 14.965926 3.800000
      vertex -16.882683 14.923880 3.800000
      vertex -16.882683 14.923880 5.400000
    endloop
  endfacet
  facet normal -0.321439 0.946930 0.000000
    outer loop
      vertex -16.758819 14.965926 3.800000
      vertex -16.882683 14.923880 5.400000
      vertex -16.758819 14.965926 5.400000
    endloop
  endfacet
  facet normal 0.000000 0.000000 1.000000
    outer loop
      vertex 0.000000 0.000000 3.800000
      vertex -16.758819 14.965926 3.800000
      vertex -16.882683 14.923880 3.800000
    endloop
  endfacet
  facet normal 0.000000 0.000000 -1.000000
    outer loop
      vertex 0.000000 0.000000 5.400000
      vertex -16.882683 14.923880 5.400000
      vertex -16.758819 14.965926 5.400000
    endloop
  endfacet
  facet normal -0.442289 0.896873 0.000000
    outer loop
      vertex -16.882683 14.923880 3.800000
      vertex -17.000000 14.866025 3.800000
      vertex -17.000000 14.866025 5.400000
    endloop
  endfacet
  facet normal -0.442289 0.896873 0.000000
    outer loop
      vertex -16.882683 14.923880 3.800000
      vertex -17.000000 14.866025 5.400000
      vertex -16.882683 14.923880 5.400000
    endloop
  endfacet
  facet normal 0.000000 0.000000 1.000000
    outer loop
      vertex 0.000000 0.000000 3.800000
      vertex -16.882683 14.923880 3.800000
      vertex -17.000000 14.866025 3.800000
    endloop
  endfacet
  facet normal 0.000000 0.000000 -1.000000
    outer loop
      vertex 0.000000 0.000000 5.400000
      vertex -17.000000 14.866025 5.400000
      vertex -16.882683 14.923880 5.400000
    endloop
  endfacet
  facet normal -0.555570 0.831470 0.000000
    outer loop
      vertex -17.000000 14.866025 3.800000
      vertex -17.108761 14.793353 3.800000
      vertex -17.108761 14.793353 5.400000
    endloop
  endfacet
  facet normal -0.555570 0.831470 0.000000
    outer loop
      vertex -17.000000 14.866025 3.800000
      vertex -17.108761 14.793353 5.400000
      vertex -17.000000 14.866025 5.400000
    endloop
  endfacet
  facet normal 0.000000 0.000000 1.000000
    outer loop
      vertex 0.000000 0.000000 3.800000
      vertex -17.000000 14.866025 3.800000
      vertex -17.108761 14.793353 3.800000
    endloop
  endfacet
  facet normal 0.000000 0.000000 -1.000000
    outer loop
      vertex 0.000000 0.000000 5.400000
      vertex -17.108761 14.793353 5.400000
      vertex -17.000000 14.866025 5.400000
    endloop
  endfacet
  facet normal -0.659346 0.751840 0.000000
    outer loop
      vertex -17.108761 14.793353 3.800000
      vertex -17.207107 14.707107 3.800000
      vertex -17.207107 14.707107 5.400000
    endloop
  endfacet
  facet normal -0.659346 0.751840 0.000000
    outer loop
      vertex -17.108761 14.793353 3.800000
      vertex -17.207107 14.707107 5.400000
      vertex -17.108761 14.793353 5.400000
    endloop
  endfacet
  facet normal 0.000000 0.000000 1.000000
    outer loop
      vertex 0.000000 0.000000 3.800000
      vertex -17.108761 14.793353 3.800000
      vertex -17.207107 14.707107 3.800000
    endloop
  endfacet
  facet normal 0.000000 0.000000 -1.000000
    outer loop
      vertex 0.000000 0.000000 5.400000
      vertex -17.207107 14.707107 5.400000
      vertex -17.108761 14.793353 5.400000
    endloop
  endfacet
  facet normal -0.751840 0.659346 0.000000
    outer loop
      vertex -17.207107 14.707107 3.800000
      vertex -17.293353 14.608761 3.800000
      vertex -17.293353 14.608761 5.400000
    endloop
  endfacet
  facet normal -0.751840 0.659346 0.000000
    outer loop
      vertex -17.207107 14.707107 3.800000
      vertex -17.293353 14.608761 5.400000
      vertex -17.207107 14.707107 5.400000
    endloop
  endfacet
  facet normal 0.000000 0.000000 1.000000
    outer loop
      vertex 0.000000 0.000000 3.800000
      vertex -17.207107 14.707107 3.800000
      vertex -17.293353 14.608761 3.800000
    endloop
  endfacet
  facet normal 0.000000 0.000000 -1.000000
    outer loop
      vertex 0.000000 0.000000 5.400000
      vertex -17.293353 14.608761 5.400000
      vertex -17.207107 14.707107 5.400000
    endloop
  endfacet
  facet normal -0.831470 0.555570 0.000000
    outer loop
      vertex -17.293353 14.608761 3.800000
      vertex -17.366025 14.500000 3.800000
      vertex -17.366025 14.500000 5.400000
    endloop
  endfacet
  facet normal -0.831470 0.555570 0.000000
    outer loop
      vertex -17.293353 14.608761 3.800000
      vertex -17.366025 14.500000 5.400000
      vertex -17.293353 14.608761 5.400000
    endloop
  endfacet
  facet normal 0.000000 0.000000 1.000000
    outer loop
      vertex 0.000000 0.000000 3.800000
      vertex -17.293353 14.608761 3.800000
      vertex -17.366025 14.500000 3.800000
    endloop
  endfacet
  facet normal 0.000000 0.000000 -1.000000
    outer loop
      vertex 0.000000 0.000000 5.400000
      vertex -17.366025 14.500000 5.400000
      vertex -17.293353 14.608761 5.400000
    endloop
  endfacet
  facet normal -0.896873 0.442289 0.000000
    outer loop
      vertex -17.366025 14.500000 3.800000
      vertex -17.423880 14.382683 3.800000
      vertex -17.423880 14.382683 5.400000
    endloop
  endfacet
  facet normal -0.896873 0.442289 0.000000
    outer loop
      vertex -17.366025 14.500000 3.800000
      vertex -17.423880 14.382683 5.400000
      vertex -17.366025 14.500000 5.400000
    endloop
  endfacet
  facet normal 0.000000 0.000000 1.000000
    outer loop
      vertex 0.000000 0.000000 3.800000
      vertex -17.366025 14.500000 3.800000
      vertex -17.423880 14.382683 3.800000
    endloop
  endfacet
  facet normal 0.000000 0.000000 -1.000000
    outer loop
      vertex 0.000000 0.000000 5.400000
      vertex -17.423880 14.382683 5.400000
      vertex -17.366025 14.500000 5.400000
    endloop
  endfacet
  facet normal -0.946930 0.321439 0.000000
    outer loop
      vertex -17.423880 14.382683 3.800000
      vertex -17.465926 14.258819 3.800000
      vertex -17.465926 14.258819 5.400000
    endloop
  endfacet
  facet normal -0.946930 0.321439 0.000000
    outer loop
      vertex -17.423880 14.382683 3.800000
      vertex -17.465926 14.258819 5.400000
      vertex -17.423880 14.382683 5.400000
    endloop
  endfacet
  facet normal 0.000000 0.000000 1.000000
    outer loop
      vertex 0.000000 0.000000 3.800000
      vertex -17.423880 14.382683 3.800000
      vertex -17.465926 14.258819 3.800000
    endloop
  endfacet
  facet normal 0.000000 0.000000 -1.000000
    outer loop
      vertex 0.000000 0.000000 5.400000
      vertex -17.465926 14.258819 5.400000
      vertex -17.423880 14.382683 5.400000
    endloop
  endfacet
  facet normal -0.980785 0.195090 0.000000
    outer loop
      vertex -17.465926 14.258819 3.800000
      vertex -17.491445 14.130526 3.800000
      vertex -17.491445 14.130526 5.400000
    endloop
  endfacet
  facet normal -0.980785 0.195090 0.000000
    outer loop
      vertex -17.465926 14.258819 3.800000
      vertex -17.491445 14.130526 5.400000
      vertex -17.465926 14.258819 5.400000
    endloop
  endfacet
  facet normal 0.000000 0.000000 1.000000
    outer loop
      vertex 0.000000 0.000000 3.800000
      vertex -17.465926 14.258819 3.800000
      vertex -17.491445 14.130526 3.800000
    endloop
  endfacet
  facet normal 0.000000 0.000000 -1.000000
    outer loop
      vertex 0.000000 0.000000 5.400000
      vertex -17.491445 14.130526 5.400000
      vertex -17.465926 14.258819 5.400000
    endloop
  endfacet
  facet normal -0.997859 0.065403 0.000000
    outer loop
      vertex -17.491445 14.130526 3.800000
      vertex -17.500000 14.000000 3.800000
      vertex -17.500000 14.000000 5.400000
    endloop
  endfacet
  facet normal -0.997859 0.065403 0.000000
    outer loop
      vertex -17.491445 14.130526 3.800000
      vertex -17.500000 14.000000 5.400000
      vertex -17.491445 14.130526 5.400000
    endloop
  endfacet
  facet normal 0.000000 0.000000 1.000000
    outer loop
      vertex 0.000000 0.000000 3.800000
      vertex -17.491445 14.130526 3.800000
      vertex -17.500000 14.000000 3.800000
    endloop
  endfacet
  facet normal 0.000000 0.000000 -1.000000
    outer loop
      vertex 0.000000 0.000000 5.400000
      vertex -17.500000 14.000000 5.400000
      vertex -17.491445 14.130526 5.400000
    endloop
  endfacet
  facet normal -1.000000 0.000000 0.000000
    outer loop
      vertex -17.500000 14.000000 3.800000
      vertex -17.500000 -14.000000 3.800000
      vertex -17.500000 -14.000000 5.400000
    endloop
  endfacet
  facet normal -1.000000 0.000000 0.000000
    outer loop
      vertex -17.500000 14.000000 3.800000
      vertex -17.500000 -14.000000 5.400000
      vertex -17.500000 14.000000 5.400000
    endloop
  endfacet
  facet normal 0.000000 0.000000 1.000000
    outer loop
      vertex 0.000000 0.000000 3.800000
      vertex -17.500000 14.000000 3.800000
      vertex -17.500000 -14.000000 3.800000
    endloop
  endfacet
  facet normal -0.000000 0.000000 -1.000000
    outer loop
      vertex 0.000000 0.000000 5.400000
      vertex -17.500000 -14.000000 5.400000
      vertex -17.500000 14.000000 5.400000
    endloop
  endfacet
  facet normal -0.997859 -0.065403 0.000000
    outer loop
      vertex -17.500000 -14.000000 3.800000
      vertex -17.491445 -14.130526 3.800000
      vertex -17.491445 -14.130526 5.400000
    endloop
  endfacet
  facet normal -0.997859 -0.065403 0.000000
    outer loop
      vertex -17.500000 -14.000000 3.800000
      vertex -17.491445 -14.130526 5.400000
      vertex -17.500000 -14.000000 5.400000
    endloop
  endfacet
  facet normal 0.000000 0.000000 1.000000
    outer loop
      vertex 0.000000 0.000000 3.800000
      vertex -17.500000 -14.000000 3.800000
      vertex -17.491445 -14.130526 3.800000
    endloop
  endfacet
  facet normal 0.000000 0.000000 -1.000000
    outer loop
      vertex 0.000000 0.000000 5.400000
      vertex -17.491445 -14.130526 5.400000
      vertex -17.500000 -14.000000 5.400000
    endloop
  endfacet
  facet normal -0.980785 -0.195090 0.000000
    outer loop
      vertex -17.491445 -14.130526 3.800000
      vertex -17.465926 -14.258819 3.800000
      vertex -17.465926 -14.258819 5.400000
    endloop
  endfacet
  facet normal -0.980785 -0.195090 0.000000
    outer loop
      vertex -17.491445 -14.130526 3.800000
      vertex -17.465926 -14.258819 5.400000
      vertex -17.491445 -14.130526 5.400000
    endloop
  endfacet
  facet normal 0.000000 0.000000 1.000000
    outer loop
      vertex 0.000000 0.000000 3.800000
      vertex -17.491445 -14.130526 3.800000
      vertex -17.465926 -14.258819 3.800000
    endloop
  endfacet
  facet normal 0.000000 0.000000 -1.000000
    outer loop
      vertex 0.000000 0.000000 5.400000
      vertex -17.465926 -14.258819 5.400000
      vertex -17.491445 -14.130526 5.400000
    endloop
  endfacet
  facet normal -0.946930 -0.321439 0.000000
    outer loop
      vertex -17.465926 -14.258819 3.800000
      vertex -17.423880 -14.382683 3.800000
      vertex -17.423880 -14.382683 5.400000
    endloop
  endfacet
  facet normal -0.946930 -0.321439 0.000000
    outer loop
      vertex -17.465926 -14.258819 3.800000
      vertex -17.423880 -14.382683 5.400000
      vertex -17.465926 -14.258819 5.400000
    endloop
  endfacet
  facet normal 0.000000 0.000000 1.000000
    outer loop
      vertex 0.000000 0.000000 3.800000
      vertex -17.465926 -14.258819 3.800000
      vertex -17.423880 -14.382683 3.800000
    endloop
  endfacet
  facet normal 0.000000 0.000000 -1.000000
    outer loop
      vertex 0.000000 0.000000 5.400000
      vertex -17.423880 -14.382683 5.400000
      vertex -17.465926 -14.258819 5.400000
    endloop
  endfacet
  facet normal -0.896873 -0.442289 0.000000
    outer loop
      vertex -17.423880 -14.382683 3.800000
      vertex -17.366025 -14.500000 3.800000
      vertex -17.366025 -14.500000 5.400000
    endloop
  endfacet
  facet normal -0.896873 -0.442289 0.000000
    outer loop
      vertex -17.423880 -14.382683 3.800000
      vertex -17.366025 -14.500000 5.400000
      vertex -17.423880 -14.382683 5.400000
    endloop
  endfacet
  facet normal 0.000000 0.000000 1.000000
    outer loop
      vertex 0.000000 0.000000 3.800000
      vertex -17.423880 -14.382683 3.800000
      vertex -17.366025 -14.500000 3.800000
    endloop
  endfacet
  facet normal 0.000000 0.000000 -1.000000
    outer loop
      vertex 0.000000 0.000000 5.400000
      vertex -17.366025 -14.500000 5.400000
      vertex -17.423880 -14.382683 5.400000
    endloop
  endfacet
  facet normal -0.831470 -0.555570 0.000000
    outer loop
      vertex -17.366025 -14.500000 3.800000
      vertex -17.293353 -14.608761 3.800000
      vertex -17.293353 -14.608761 5.400000
    endloop
  endfacet
  facet normal -0.831470 -0.555570 0.000000
    outer loop
      vertex -17.366025 -14.500000 3.800000
      vertex -17.293353 -14.608761 5.400000
      vertex -17.366025 -14.500000 5.400000
    endloop
  endfacet
  facet normal 0.000000 0.000000 1.000000
    outer loop
      vertex 0.000000 0.000000 3.800000
      vertex -17.366025 -14.500000 3.800000
      vertex -17.293353 -14.608761 3.800000
    endloop
  endfacet
  facet normal 0.000000 0.000000 -1.000000
    outer loop
      vertex 0.000000 0.000000 5.400000
      vertex -17.293353 -14.608761 5.400000
      vertex -17.366025 -14.500000 5.400000
    endloop
  endfacet
  facet normal -0.751840 -0.659346 0.000000
    outer loop
      vertex -17.293353 -14.608761 3.800000
      vertex -17.207107 -14.707107 3.800000
      vertex -17.207107 -14.707107 5.400000
    endloop
  endfacet
  facet normal -0.751840 -0.659346 0.000000
    outer loop
      vertex -17.293353 -14.608761 3.800000
      vertex -17.207107 -14.707107 5.400000
      vertex -17.293353 -14.608761 5.400000
    endloop
  endfacet
  facet normal 0.000000 0.000000 1.000000
    outer loop
      vertex 0.000000 0.000000 3.800000
      vertex -17.293353 -14.608761 3.800000
      vertex -17.207107 -14.707107 3.800000
    endloop
  endfacet
  facet normal 0.000000 0.000000 -1.000000
    outer loop
      vertex 0.000000 0.000000 5.400000
      vertex -17.207107 -14.707107 5.400000
      vertex -17.293353 -14.608761 5.400000
    endloop
  endfacet
  facet normal -0.659346 -0.751840 0.000000
    outer loop
      vertex -17.207107 -14.707107 3.800000
      vertex -17.108761 -14.793353 3.800000
      vertex -17.108761 -14.793353 5.400000
    endloop
  endfacet
  facet normal -0.659346 -0.751840 0.000000
    outer loop
      vertex -17.207107 -14.707107 3.800000
      vertex -17.108761 -14.793353 5.400000
      vertex -17.207107 -14.707107 5.400000
    endloop
  endfacet
  facet normal 0.000000 0.000000 1.000000
    outer loop
      vertex 0.000000 0.000000 3.800000
      vertex -17.207107 -14.707107 3.800000
      vertex -17.108761 -14.793353 3.800000
    endloop
  endfacet
  facet normal 0.000000 0.000000 -1.000000
    outer loop
      vertex 0.000000 0.000000 5.400000
      vertex -17.108761 -14.793353 5.400000
      vertex -17.207107 -14.707107 5.400000
    endloop
  endfacet
  facet normal -0.555570 -0.831470 0.000000
    outer loop
      vertex -17.108761 -14.793353 3.800000
      vertex -17.000000 -14.866025 3.800000
      vertex -17.000000 -14.866025 5.400000
    endloop
  endfacet
  facet normal -0.555570 -0.831470 0.000000
    outer loop
      vertex -17.108761 -14.793353 3.800000
      vertex -17.000000 -14.866025 5.400000
      vertex -17.108761 -14.793353 5.400000
    endloop
  endfacet
  facet normal 0.000000 0.000000 1.000000
    outer loop
      vertex 0.000000 0.000000 3.800000
      vertex -17.108761 -14.793353 3.800000
      vertex -17.000000 -14.866025 3.800000
    endloop
  endfacet
  facet normal 0.000000 0.000000 -1.000000
    outer loop
      vertex 0.000000 0.000000 5.400000
      vertex -17.000000 -14.866025 5.400000
      vertex -17.108761 -14.793353 5.400000
    endloop
  endfacet
  facet normal -0.442289 -0.896873 0.000000
    outer loop
      vertex -17.000000 -14.866025 3.800000
      vertex -16.882683 -14.923880 3.800000
      vertex -16.882683 -14.923880 5.400000
    endloop
  endfacet
  facet normal -0.442289 -0.896873 0.000000
    outer loop
      vertex -17.000000 -14.866025 3.800000
      vertex -16.882683 -14.923880 5.400000
      vertex -17.000000 -14.866025 5.400000
    endloop
  endfacet
  facet normal 0.000000 0.000000 1.000000
    outer loop
      vertex 0.000000 0.000000 3.800000
      vertex -17.000000 -14.866025 3.800000
      vertex -16.882683 -14.923880 3.800000
    endloop
  endfacet
  facet normal 0.000000 0.000000 -1.000000
    outer loop
      vertex 0.000000 0.000000 5.400000
      vertex -16.882683 -14.923880 5.400000
      vertex -17.000000 -14.866025 5.400000
    endloop
  endfacet
  facet normal -0.321439 -0.946930 0.000000
    outer loop
      vertex -16.882683 -14.923880 3.800000
      vertex -16.758819 -14.965926 3.800000
      vertex -16.758819 -14.965926 5.400000
    endloop
  endfacet
  facet normal -0.321439 -0.946930 0.000000
    outer loop
      vertex -16.882683 -14.923880 3.800000
      vertex -16.758819 -14.965926 5.400000
      vertex -16.882683 -14.923880 5.400000
    endloop
  endfacet
  facet normal 0.000000 0.000000 1.000000
    outer loop
      vertex 0.000000 0.000000 3.800000
      vertex -16.882683 -14.923880 3.800000
      vertex -16.758819 -14.965926 3.800000
    endloop
  endfacet
  facet normal 0.000000 0.000000 -1.000000
    outer loop
      vertex 0.000000 0.000000 5.400000
      vertex -16.758819 -14.965926 5.400000
      vertex -16.882683 -14.923880 5.400000
    endloop
  endfacet
  facet normal -0.195090 -0.980785 0.000000
    outer loop
      vertex -16.758819 -14.965926 3.800000
      vertex -16.630526 -14.991445 3.800000
      vertex -16.630526 -14.991445 5.400000
    endloop
  endfacet
  facet normal -0.195090 -0.980785 0.000000
    outer loop
      vertex -16.758819 -14.965926 3.800000
      vertex -16.630526 -14.991445 5.400000
      vertex -16.758819 -14.965926 5.400000
    endloop
  endfacet
  facet normal 0.000000 0.000000 1.000000
    outer loop
      vertex 0.000000 0.000000 3.800000
      vertex -16.758819 -14.965926 3.800000
      vertex -16.630526 -14.991445 3.800000
    endloop
  endfacet
  facet normal 0.000000 0.000000 -1.000000
    outer loop
      vertex 0.000000 0.000000 5.400000
      vertex -16.630526 -14.991445 5.400000
      vertex -16.758819 -14.965926 5.400000
    endloop
  endfacet
  facet normal -0.065403 -0.997859 0.000000
    outer loop
      vertex -16.630526 -14.991445 3.800000
      vertex -16.500000 -15.000000 3.800000
      vertex -16.500000 -15.000000 5.400000
    endloop
  endfacet
  facet normal -0.065403 -0.997859 0.000000
    outer loop
      vertex -16.630526 -14.991445 3.800000
      vertex -16.500000 -15.000000 5.400000
      vertex -16.630526 -14.991445 5.400000
    endloop
  endfacet
  facet normal 0.000000 0.000000 1.000000
    outer loop
      vertex 0.000000 0.000000 3.800000
      vertex -16.630526 -14.991445 3.800000
      vertex -16.500000 -15.000000 3.800000
    endloop
  endfacet
  facet normal 0.000000 0.000000 -1.000000
    outer loop
      vertex 0.000000 0.000000 5.400000
      vertex -16.500000 -15.000000 5.400000
      vertex -16.630526 -14.991445 5.400000
    endloop
  endfacet
  facet normal 0.000000 -1.000000 0.000000
    outer loop
      vertex -16.500000 -15.000000 3.800000
      vertex 16.500000 -15.000000 3.800000
      vertex 16.500000 -15.000000 5.400000
    endloop
  endfacet
  facet normal 0.000000 -1.000000 0.000000
    outer loop
      vertex -16.500000 -15.000000 3.800000
      vertex 16.500000 -15.000000 5.400000
      vertex -16.500000 -15.000000 5.400000
    endloop
  endfacet
  facet normal 0.000000 0.000000 1.000000
    outer loop
      vertex 0.000000 0.000000 3.800000
      vertex -16.500000 -15.000000 3.800000
      vertex 16.500000 -15.000000 3.800000
    endloop
  endfacet
  facet normal 0.000000 -0.000000 -1.000000
    outer loop
      vertex 0.000000 0.000000 5.400000
      vertex 16.500000 -15.000000 5.400000
      vertex -16.500000 -15.000000 5.400000
    endloop
  endfacet
  facet normal 0.065403 -0.997859 0.000000
    outer loop
      vertex 16.500000 -15.000000 3.800000
      vertex 16.630526 -14.991445 3.800000
      vertex 16.630526 -14.991445 5.400000
    endloop
  endfacet
  facet normal 0.065403 -0.997859 0.000000
    outer loop
      vertex 16.500000 -15.000000 3.800000
      vertex 16.630526 -14.991445 5.400000
      vertex 16.500000 -15.000000 5.400000
    endloop
  endfacet
  facet normal 0.000000 0.000000 1.000000
    outer loop
      vertex 0.000000 0.000000 3.800000
      vertex 16.500000 -15.000000 3.800000
      vertex 16.630526 -14.991445 3.800000
    endloop
  endfacet
  facet normal 0.000000 0.000000 -1.000000
    outer loop
      vertex 0.000000 0.000000 5.400000
      vertex 16.630526 -14.991445 5.400000
      vertex 16.500000 -15.000000 5.400000
    endloop
  endfacet
  facet normal 0.195090 -0.980785 0.000000
    outer loop
      vertex 16.630526 -14.991445 3.800000
      vertex 16.758819 -14.965926 3.800000
      vertex 16.758819 -14.965926 5.400000
    endloop
  endfacet
  facet normal 0.195090 -0.980785 0.000000
    outer loop
      vertex 16.630526 -14.991445 3.800000
      vertex 16.758819 -14.965926 5.400000
      vertex 16.630526 -14.991445 5.400000
    endloop
  endfacet
  facet normal 0.000000 0.000000 1.000000
    outer loop
      vertex 0.000000 0.000000 3.800000
      vertex 16.630526 -14.991445 3.800000
      vertex 16.758819 -14.965926 3.800000
    endloop
  endfacet
  facet normal 0.000000 0.000000 -1.000000
    outer loop
      vertex 0.000000 0.000000 5.400000
      vertex 16.758819 -14.965926 5.400000
      vertex 16.630526 -14.991445 5.400000
    endloop
  endfacet
  facet normal 0.321439 -0.946930 0.000000
    outer loop
      vertex 16.758819 -14.965926 3.800000
      vertex 16.882683 -14.923880 3.800000
      vertex 16.882683 -14.923880 5.400000
    endloop
  endfacet
  facet normal 0.321439 -0.946930 0.000000
    outer loop
      vertex 16.758819 -14.965926 3.800000
      vertex 16.882683 -14.923880 5.400000
      vertex 16.758819 -14.965926 5.400000
    endloop
  endfacet
  facet normal 0.000000 0.000000 1.000000
    outer loop
      vertex 0.000000 0.000000 3.800000
      vertex 16.758819 -14.965926 3.800000
      vertex 16.882683 -14.923880 3.800000
    endloop
  endfacet
  facet normal 0.000000 0.000000 -1.000000
    outer loop
      vertex 0.000000 0.000000 5.400000
      vertex 16.882683 -14.923880 5.400000
      vertex 16.758819 -14.965926 5.400000
    endloop
  endfacet
  facet normal 0.442289 -0.896873 0.000000
    outer loop
      vertex 16.882683 -14.923880 3.800000
      vertex 17.000000 -14.866025 3.800000
      vertex 17.000000 -14.866025 5.400000
    endloop
  endfacet
  facet normal 0.442289 -0.896873 0.000000
    outer loop
      vertex 16.882683 -14.923880 3.800000
      vertex 17.000000 -14.866025 5.400000
      vertex 16.882683 -14.923880 5.400000
    endloop
  endfacet
  facet normal 0.000000 0.000000 1.000000
    outer loop
      vertex 0.000000 0.000000 3.800000
      vertex 16.882683 -14.923880 3.800000
      vertex 17.000000 -14.866025 3.800000
    endloop
  endfacet
  facet normal 0.000000 0.000000 -1.000000
    outer loop
      vertex 0.000000 0.000000 5.400000
      vertex 17.000000 -14.866025 5.400000
      vertex 16.882683 -14.923880 5.400000
    endloop
  endfacet
  facet normal 0.555570 -0.831470 0.000000
    outer loop
      vertex 17.000000 -14.866025 3.800000
      vertex 17.108761 -14.793353 3.800000
      vertex 17.108761 -14.793353 5.400000
    endloop
  endfacet
  facet normal 0.555570 -0.831470 0.000000
    outer loop
      vertex 17.000000 -14.866025 3.800000
      vertex 17.108761 -14.793353 5.400000
      vertex 17.000000 -14.866025 5.400000
    endloop
  endfacet
  facet normal 0.000000 0.000000 1.000000
    outer loop
      vertex 0.000000 0.000000 3.800000
      vertex 17.000000 -14.866025 3.800000
      vertex 17.108761 -14.793353 3.800000
    endloop
  endfacet
  facet normal 0.000000 0.000000 -1.000000
    outer loop
      vertex 0.000000 0.000000 5.400000
      vertex 17.108761 -14.793353 5.400000
      vertex 17.000000 -14.866025 5.400000
    endloop
  endfacet
  facet normal 0.659346 -0.751840 0.000000
    outer loop
      vertex 17.108761 -14.793353 3.800000
      vertex 17.207107 -14.707107 3.800000
      vertex 17.207107 -14.707107 5.400000
    endloop
  endfacet
  facet normal 0.659346 -0.751840 0.000000
    outer loop
      vertex 17.108761 -14.793353 3.800000
      vertex 17.207107 -14.707107 5.400000
      vertex 17.108761 -14.793353 5.400000
    endloop
  endfacet
  facet normal 0.000000 0.000000 1.000000
    outer loop
      vertex 0.000000 0.000000 3.800000
      vertex 17.108761 -14.793353 3.800000
      vertex 17.207107 -14.707107 3.800000
    endloop
  endfacet
  facet normal 0.000000 0.000000 -1.000000
    outer loop
      vertex 0.000000 0.000000 5.400000
      vertex 17.207107 -14.707107 5.400000
      vertex 17.108761 -14.793353 5.400000
    endloop
  endfacet
  facet normal 0.751840 -0.659346 0.000000
    outer loop
      vertex 17.207107 -14.707107 3.800000
      vertex 17.293353 -14.608761 3.800000
      vertex 17.293353 -14.608761 5.400000
    endloop
  endfacet
  facet normal 0.751840 -0.659346 0.000000
    outer loop
      vertex 17.207107 -14.707107 3.800000
      vertex 17.293353 -14.608761 5.400000
      vertex 17.207107 -14.707107 5.400000
    endloop
  endfacet
  facet normal 0.000000 0.000000 1.000000
    outer loop
      vertex 0.000000 0.000000 3.800000
      vertex 17.207107 -14.707107 3.800000
      vertex 17.293353 -14.608761 3.800000
    endloop
  endfacet
  facet normal 0.000000 0.000000 -1.000000
    outer loop
      vertex 0.000000 0.000000 5.400000
      vertex 17.293353 -14.608761 5.400000
      vertex 17.207107 -14.707107 5.400000
    endloop
  endfacet
  facet normal 0.831470 -0.555570 0.000000
    outer loop
      vertex 17.293353 -14.608761 3.800000
      vertex 17.366025 -14.500000 3.800000
      vertex 17.366025 -14.500000 5.400000
    endloop
  endfacet
  facet normal 0.831470 -0.555570 0.000000
    outer loop
      vertex 17.293353 -14.608761 3.800000
      vertex 17.366025 -14.500000 5.400000
      vertex 17.293353 -14.608761 5.400000
    endloop
  endfacet
  facet normal 0.000000 0.000000 1.000000
    outer loop
      vertex 0.000000 0.000000 3.800000
      vertex 17.293353 -14.608761 3.800000
      vertex 17.366025 -14.500000 3.800000
    endloop
  endfacet
  facet normal 0.000000 0.000000 -1.000000
    outer loop
      vertex 0.000000 0.000000 5.400000
      vertex 17.366025 -14.500000 5.400000
      vertex 17.293353 -14.608761 5.400000
    endloop
  endfacet
  facet normal 0.896873 -0.442289 0.000000
    outer loop
      vertex 17.366025 -14.500000 3.800000
      vertex 17.423880 -14.382683 3.800000
      vertex 17.423880 -14.382683 5.400000
    endloop
  endfacet
  facet normal 0.896873 -0.442289 0.000000
    outer loop
      vertex 17.366025 -14.500000 3.800000
      vertex 17.423880 -14.382683 5.400000
      vertex 17.366025 -14.500000 5.400000
    endloop
  endfacet
  facet normal 0.000000 0.000000 1.000000
    outer loop
      vertex 0.000000 0.000000 3.800000
      vertex 17.366025 -14.500000 3.800000
      vertex 17.423880 -14.382683 3.800000
    endloop
  endfacet
  facet normal 0.000000 0.000000 -1.000000
    outer loop
      vertex 0.000000 0.000000 5.400000
      vertex 17.423880 -14.382683 5.400000
      vertex 17.366025 -14.500000 5.400000
    endloop
  endfacet
  facet normal 0.946930 -0.321439 0.000000
    outer loop
      vertex 17.423880 -14.382683 3.800000
      vertex 17.465926 -14.258819 3.800000
      vertex 17.465926 -14.258819 5.400000
    endloop
  endfacet
  facet normal 0.946930 -0.321439 0.000000
    outer loop
      vertex 17.423880 -14.382683 3.800000
      vertex 17.465926 -14.258819 5.400000
      vertex 17.423880 -14.382683 5.400000
    endloop
  endfacet
  facet normal 0.000000 0.000000 1.000000
    outer loop
      vertex 0.000000 0.000000 3.800000
      vertex 17.423880 -14.382683 3.800000
      vertex 17.465926 -14.258819 3.800000
    endloop
  endfacet
  facet normal 0.000000 0.000000 -1.000000
    outer loop
      vertex 0.000000 0.000000 5.400000
      vertex 17.465926 -14.258819 5.400000
      vertex 17.423880 -14.382683 5.400000
    endloop
  endfacet
  facet normal 0.980785 -0.195090 0.000000
    outer loop
      vertex 17.465926 -14.258819 3.800000
      vertex 17.491445 -14.130526 3.800000
      vertex 17.491445 -14.130526 5.400000
    endloop
  endfacet
  facet normal 0.980785 -0.195090 0.000000
    outer loop
      vertex 17.465926 -14.258819 3.800000
      vertex 17.491445 -14.130526 5.400000
      vertex 17.465926 -14.258819 5.400000
    endloop
  endfacet
  facet normal 0.000000 0.000000 1.000000
    outer loop
      vertex 0.000000 0.000000 3.800000
      vertex 17.465926 -14.258819 3.800000
      vertex 17.491445 -14.130526 3.800000
    endloop
  endfacet
  facet normal 0.000000 0.000000 -1.000000
    outer loop
      vertex 0.000000 0.000000 5.400000
      vertex 17.491445 -14.130526 5.400000
      vertex 17.465926 -14.258819 5.400000
    endloop
  endfacet
  facet normal 0.997859 -0.065403 0.000000
    outer loop
      vertex 17.491445 -14.130526 3.800000
      vertex 17.500000 -14.000000 3.800000
      vertex 17.500000 -14.000000 5.400000
    endloop
  endfacet
  facet normal 0.997859 -0.065403 0.000000
    outer loop
      vertex 17.491445 -14.130526 3.800000
      vertex 17.500000 -14.000000 5.400000
      vertex 17.491445 -14.130526 5.400000
    endloop
  endfacet
  facet normal 0.000000 0.000000 1.000000
    outer loop
      vertex 0.000000 0.000000 3.800000
      vertex 17.491445 -14.130526 3.800000
      vertex 17.500000 -14.000000 3.800000
    endloop
  endfacet
  facet normal 0.000000 0.000000 -1.000000
    outer loop
      vertex 0.000000 0.000000 5.400000
      vertex 17.500000 -14.000000 5.400000
      vertex 17.491445 -14.130526 5.400000
    endloop
  endfacet
  facet normal 1.000000 0.000000 0.000000
    outer loop
      vertex 17.500000 -14.000000 3.800000
      vertex 17.500000 14.000000 3.800000
      vertex 17.500000 14.000000 5.400000
    endloop
  endfacet
  facet normal 1.000000 0.000000 0.000000
    outer loop
      vertex 17.500000 -14.000000 3.800000
      vertex 17.500000 14.000000 5.400000
      vertex 17.500000 -14.000000 5.400000
    endloop
  endfacet
  facet normal -0.000000 0.000000 1.000000
    outer loop
      vertex 0.000000 0.000000 3.800000
      vertex 17.500000 -14.000000 3.800000
      vertex 17.500000 14.000000 3.800000
    endloop
  endfacet
  facet normal 0.000000 0.000000 -1.000000
    outer loop
      vertex 0.000000 0.000000 5.400000
      vertex 17.500000 14.000000 5.400000
      vertex 17.500000 -14.000000 5.400000
    endloop
  endfacet
  facet normal 0.991445 0.130526 0.000000
    outer loop
      vertex -13.600000 -12.800000 5.400000
      vertex -13.657926 -12.360008 5.400000
      vertex -13.657926 -12.360008 5.550000
    endloop
  endfacet
  facet normal 0.991445 0.130526 -0.000000
    outer loop
      vertex -13.600000 -12.800000 5.400000
      vertex -13.657926 -12.360008 5.550000
      vertex -13.600000 -12.800000 5.550000
    endloop
  endfacet
  facet normal -0.991445 -0.130526 0.000000
    outer loop
      vertex -14.175000 -12.800000 5.400000
      vertex -14.213333 -12.508829 5.550000
      vertex -14.213333 -12.508829 5.400000
    endloop
  endfacet
  facet normal -0.991445 -0.130526 0.000000
    outer loop
      vertex -14.175000 -12.800000 5.400000
      vertex -14.175000 -12.800000 5.550000
      vertex -14.213333 -12.508829 5.550000
    endloop
  endfacet
  facet normal 0.000000 0.000000 1.000000
    outer loop
      vertex -13.600000 -12.800000 5.550000
      vertex -13.657926 -12.360008 5.550000
      vertex -14.213333 -12.508829 5.550000
    endloop
  endfacet
  facet normal 0.000000 0.000000 1.000000
    outer loop
      vertex -13.600000 -12.800000 5.550000
      vertex -14.213333 -12.508829 5.550000
      vertex -14.175000 -12.800000 5.550000
    endloop
  endfacet
  facet normal 0.000000 0.000000 -1.000000
    outer loop
      vertex -13.600000 -12.800000 5.400000
      vertex -14.213333 -12.508829 5.400000
      vertex -13.657926 -12.360008 5.400000
    endloop
  endfacet
  facet normal 0.000000 0.000000 -1.000000
    outer loop
      vertex -13.600000 -12.800000 5.400000
      vertex -14.175000 -12.800000 5.400000
      vertex -14.213333 -12.508829 5.400000
    endloop
  endfacet
  facet normal 0.923880 0.382683 0.000000
    outer loop
      vertex -13.657926 -12.360008 5.400000
      vertex -13.827757 -11.950000 5.400000
      vertex -13.827757 -11.950000 5.550000
    endloop
  endfacet
  facet normal 0.923880 0.382683 -0.000000
    outer loop
      vertex -13.657926 -12.360008 5.400000
      vertex -13.827757 -11.950000 5.550000
      vertex -13.657926 -12.360008 5.550000
    endloop
  endfacet
  facet normal -0.923880 -0.382683 0.000000
    outer loop
      vertex -14.213333 -12.508829 5.400000
      vertex -14.325721 -12.237500 5.550000
      vertex -14.325721 -12.237500 5.400000
    endloop
  endfacet
  facet normal -0.923880 -0.382683 0.000000
    outer loop
      vertex -14.213333 -12.508829 5.400000
      vertex -14.213333 -12.508829 5.550000
      vertex -14.325721 -12.237500 5.550000
    endloop
  endfacet
  facet normal 0.000000 0.000000 1.000000
    outer loop
      vertex -13.657926 -12.360008 5.550000
      vertex -13.827757 -11.950000 5.550000
      vertex -14.325721 -12.237500 5.550000
    endloop
  endfacet
  facet normal 0.000000 0.000000 1.000000
    outer loop
      vertex -13.657926 -12.360008 5.550000
      vertex -14.325721 -12.237500 5.550000
      vertex -14.213333 -12.508829 5.550000
    endloop
  endfacet
  facet normal 0.000000 0.000000 -1.000000
    outer loop
      vertex -13.657926 -12.360008 5.400000
      vertex -14.325721 -12.237500 5.400000
      vertex -13.827757 -11.950000 5.400000
    endloop
  endfacet
  facet normal -0.000000 0.000000 -1.000000
    outer loop
      vertex -13.657926 -12.360008 5.400000
      vertex -14.213333 -12.508829 5.400000
      vertex -14.325721 -12.237500 5.400000
    endloop
  endfacet
  facet normal 0.793353 0.608761 0.000000
    outer loop
      vertex -13.827757 -11.950000 5.400000
      vertex -14.097918 -11.597918 5.400000
      vertex -14.097918 -11.597918 5.550000
    endloop
  endfacet
  facet normal 0.793353 0.608761 -0.000000
    outer loop
      vertex -13.827757 -11.950000 5.400000
      vertex -14.097918 -11.597918 5.550000
      vertex -13.827757 -11.950000 5.550000
    endloop
  endfacet
  facet normal -0.793353 -0.608761 0.000000
    outer loop
      vertex -14.325721 -12.237500 5.400000
      vertex -14.504505 -12.004505 5.550000
      vertex -14.504505 -12.004505 5.400000
    endloop
  endfacet
  facet normal -0.793353 -0.608761 0.000000
    outer loop
      vertex -14.325721 -12.237500 5.400000
      vertex -14.325721 -12.237500 5.550000
      vertex -14.504505 -12.004505 5.550000
    endloop
  endfacet
  facet normal 0.000000 0.000000 1.000000
    outer loop
      vertex -13.827757 -11.950000 5.550000
      vertex -14.097918 -11.597918 5.550000
      vertex -14.504505 -12.004505 5.550000
    endloop
  endfacet
  facet normal 0.000000 0.000000 1.000000
    outer loop
      vertex -13.827757 -11.950000 5.550000
      vertex -14.504505 -12.004505 5.550000
      vertex -14.325721 -12.237500 5.550000
    endloop
  endfacet
  facet normal -0.000000 0.000000 -1.000000
    outer loop
      vertex -13.827757 -11.950000 5.400000
      vertex -14.504505 -12.004505 5.400000
      vertex -14.097918 -11.597918 5.400000
    endloop
  endfacet
  facet normal 0.000000 0.000000 -1.000000
    outer loop
      vertex -13.827757 -11.950000 5.400000
      vertex -14.325721 -12.237500 5.400000
      vertex -14.504505 -12.004505 5.400000
    endloop
  endfacet
  facet normal 0.608761 0.793353 0.000000
    outer loop
      vertex -14.097918 -11.597918 5.400000
      vertex -14.450000 -11.327757 5.400000
      vertex -14.450000 -11.327757 5.550000
    endloop
  endfacet
  facet normal 0.608761 0.793353 -0.000000
    outer loop
      vertex -14.097918 -11.597918 5.400000
      vertex -14.450000 -11.327757 5.550000
      vertex -14.097918 -11.597918 5.550000
    endloop
  endfacet
  facet normal -0.608761 -0.793353 0.000000
    outer loop
      vertex -14.504505 -12.004505 5.400000
      vertex -14.737500 -11.825721 5.550000
      vertex -14.737500 -11.825721 5.400000
    endloop
  endfacet
  facet normal -0.608761 -0.793353 0.000000
    outer loop
      vertex -14.504505 -12.004505 5.400000
      vertex -14.504505 -12.004505 5.550000
      vertex -14.737500 -11.825721 5.550000
    endloop
  endfacet
  facet normal 0.000000 0.000000 1.000000
    outer loop
      vertex -14.097918 -11.597918 5.550000
      vertex -14.450000 -11.327757 5.550000
      vertex -14.737500 -11.825721 5.550000
    endloop
  endfacet
  facet normal 0.000000 0.000000 1.000000
    outer loop
      vertex -14.097918 -11.597918 5.550000
      vertex -14.737500 -11.825721 5.550000
      vertex -14.504505 -12.004505 5.550000
    endloop
  endfacet
  facet normal -0.000000 0.000000 -1.000000
    outer loop
      vertex -14.097918 -11.597918 5.400000
      vertex -14.737500 -11.825721 5.400000
      vertex -14.450000 -11.327757 5.400000
    endloop
  endfacet
  facet normal 0.000000 0.000000 -1.000000
    outer loop
      vertex -14.097918 -11.597918 5.400000
      vertex -14.504505 -12.004505 5.400000
      vertex -14.737500 -11.825721 5.400000
    endloop
  endfacet
  facet normal 0.382683 0.923880 0.000000
    outer loop
      vertex -14.450000 -11.327757 5.400000
      vertex -14.860008 -11.157926 5.400000
      vertex -14.860008 -11.157926 5.550000
    endloop
  endfacet
  facet normal 0.382683 0.923880 -0.000000
    outer loop
      vertex -14.450000 -11.327757 5.400000
      vertex -14.860008 -11.157926 5.550000
      vertex -14.450000 -11.327757 5.550000
    endloop
  endfacet
  facet normal -0.382683 -0.923880 0.000000
    outer loop
      vertex -14.737500 -11.825721 5.400000
      vertex -15.008829 -11.713333 5.550000
      vertex -15.008829 -11.713333 5.400000
    endloop
  endfacet
  facet normal -0.382683 -0.923880 0.000000
    outer loop
      vertex -14.737500 -11.825721 5.400000
      vertex -14.737500 -11.825721 5.550000
      vertex -15.008829 -11.713333 5.550000
    endloop
  endfacet
  facet normal 0.000000 0.000000 1.000000
    outer loop
      vertex -14.450000 -11.327757 5.550000
      vertex -14.860008 -11.157926 5.550000
      vertex -15.008829 -11.713333 5.550000
    endloop
  endfacet
  facet normal 0.000000 0.000000 1.000000
    outer loop
      vertex -14.450000 -11.327757 5.550000
      vertex -15.008829 -11.713333 5.550000
      vertex -14.737500 -11.825721 5.550000
    endloop
  endfacet
  facet normal -0.000000 0.000000 -1.000000
    outer loop
      vertex -14.450000 -11.327757 5.400000
      vertex -15.008829 -11.713333 5.400000
      vertex -14.860008 -11.157926 5.400000
    endloop
  endfacet
  facet normal 0.000000 0.000000 -1.000000
    outer loop
      vertex -14.450000 -11.327757 5.400000
      vertex -14.737500 -11.825721 5.400000
      vertex -15.008829 -11.713333 5.400000
    endloop
  endfacet
  facet normal 0.130526 0.991445 0.000000
    outer loop
      vertex -14.860008 -11.157926 5.400000
      vertex -15.300000 -11.100000 5.400000
      vertex -15.300000 -11.100000 5.550000
    endloop
  endfacet
  facet normal 0.130526 0.991445 -0.000000
    outer loop
      vertex -14.860008 -11.157926 5.400000
      vertex -15.300000 -11.100000 5.550000
      vertex -14.860008 -11.157926 5.550000
    endloop
  endfacet
  facet normal -0.130526 -0.991445 0.000000
    outer loop
      vertex -15.008829 -11.713333 5.400000
      vertex -15.300000 -11.675000 5.550000
      vertex -15.300000 -11.675000 5.400000
    endloop
  endfacet
  facet normal -0.130526 -0.991445 0.000000
    outer loop
      vertex -15.008829 -11.713333 5.400000
      vertex -15.008829 -11.713333 5.550000
      vertex -15.300000 -11.675000 5.550000
    endloop
  endfacet
  facet normal 0.000000 0.000000 1.000000
    outer loop
      vertex -14.860008 -11.157926 5.550000
      vertex -15.300000 -11.100000 5.550000
      vertex -15.300000 -11.675000 5.550000
    endloop
  endfacet
  facet normal 0.000000 0.000000 1.000000
    outer loop
      vertex -14.860008 -11.157926 5.550000
      vertex -15.300000 -11.675000 5.550000
      vertex -15.008829 -11.713333 5.550000
    endloop
  endfacet
  facet normal -0.000000 0.000000 -1.000000
    outer loop
      vertex -14.860008 -11.157926 5.400000
      vertex -15.300000 -11.675000 5.400000
      vertex -15.300000 -11.100000 5.400000
    endloop
  endfacet
  facet normal 0.000000 0.000000 -1.000000
    outer loop
      vertex -14.860008 -11.157926 5.400000
      vertex -15.008829 -11.713333 5.400000
      vertex -15.300000 -11.675000 5.400000
    endloop
  endfacet
  facet normal -0.130526 0.991445 0.000000
    outer loop
      vertex -15.300000 -11.100000 5.400000
      vertex -15.739992 -11.157926 5.400000
      vertex -15.739992 -11.157926 5.550000
    endloop
  endfacet
  facet normal -0.130526 0.991445 0.000000
    outer loop
      vertex -15.300000 -11.100000 5.400000
      vertex -15.739992 -11.157926 5.550000
      vertex -15.300000 -11.100000 5.550000
    endloop
  endfacet
  facet normal 0.130526 -0.991445 0.000000
    outer loop
      vertex -15.300000 -11.675000 5.400000
      vertex -15.591171 -11.713333 5.550000
      vertex -15.591171 -11.713333 5.400000
    endloop
  endfacet
  facet normal 0.130526 -0.991445 0.000000
    outer loop
      vertex -15.300000 -11.675000 5.400000
      vertex -15.300000 -11.675000 5.550000
      vertex -15.591171 -11.713333 5.550000
    endloop
  endfacet
  facet normal 0.000000 0.000000 1.000000
    outer loop
      vertex -15.300000 -11.100000 5.550000
      vertex -15.739992 -11.157926 5.550000
      vertex -15.591171 -11.713333 5.550000
    endloop
  endfacet
  facet normal 0.000000 0.000000 1.000000
    outer loop
      vertex -15.300000 -11.100000 5.550000
      vertex -15.591171 -11.713333 5.550000
      vertex -15.300000 -11.675000 5.550000
    endloop
  endfacet
  facet normal 0.000000 0.000000 -1.000000
    outer loop
      vertex -15.300000 -11.100000 5.400000
      vertex -15.591171 -11.713333 5.400000
      vertex -15.739992 -11.157926 5.400000
    endloop
  endfacet
  facet normal 0.000000 -0.000000 -1.000000
    outer loop
      vertex -15.300000 -11.100000 5.400000
      vertex -15.300000 -11.675000 5.400000
      vertex -15.591171 -11.713333 5.400000
    endloop
  endfacet
  facet normal -0.382683 0.923880 0.000000
    outer loop
      vertex -15.739992 -11.157926 5.400000
      vertex -16.150000 -11.327757 5.400000
      vertex -16.150000 -11.327757 5.550000
    endloop
  endfacet
  facet normal -0.382683 0.923880 0.000000
    outer loop
      vertex -15.739992 -11.157926 5.400000
      vertex -16.150000 -11.327757 5.550000
      vertex -15.739992 -11.157926 5.550000
    endloop
  endfacet
  facet normal 0.382683 -0.923880 0.000000
    outer loop
      vertex -15.591171 -11.713333 5.400000
      vertex -15.862500 -11.825721 5.550000
      vertex -15.862500 -11.825721 5.400000
    endloop
  endfacet
  facet normal 0.382683 -0.923880 0.000000
    outer loop
      vertex -15.591171 -11.713333 5.400000
      vertex -15.591171 -11.713333 5.550000
      vertex -15.862500 -11.825721 5.550000
    endloop
  endfacet
  facet normal 0.000000 0.000000 1.000000
    outer loop
      vertex -15.739992 -11.157926 5.550000
      vertex -16.150000 -11.327757 5.550000
      vertex -15.862500 -11.825721 5.550000
    endloop
  endfacet
  facet normal 0.000000 0.000000 1.000000
    outer loop
      vertex -15.739992 -11.157926 5.550000
      vertex -15.862500 -11.825721 5.550000
      vertex -15.591171 -11.713333 5.550000
    endloop
  endfacet
  facet normal 0.000000 0.000000 -1.000000
    outer loop
      vertex -15.739992 -11.157926 5.400000
      vertex -15.862500 -11.825721 5.400000
      vertex -16.150000 -11.327757 5.400000
    endloop
  endfacet
  facet normal 0.000000 -0.000000 -1.000000
    outer loop
      vertex -15.739992 -11.157926 5.400000
      vertex -15.591171 -11.713333 5.400000
      vertex -15.862500 -11.825721 5.400000
    endloop
  endfacet
  facet normal -0.608761 0.793353 0.000000
    outer loop
      vertex -16.150000 -11.327757 5.400000
      vertex -16.502082 -11.597918 5.400000
      vertex -16.502082 -11.597918 5.550000
    endloop
  endfacet
  facet normal -0.608761 0.793353 0.000000
    outer loop
      vertex -16.150000 -11.327757 5.400000
      vertex -16.502082 -11.597918 5.550000
      vertex -16.150000 -11.327757 5.550000
    endloop
  endfacet
  facet normal 0.608761 -0.793353 0.000000
    outer loop
      vertex -15.862500 -11.825721 5.400000
      vertex -16.095495 -12.004505 5.550000
      vertex -16.095495 -12.004505 5.400000
    endloop
  endfacet
  facet normal 0.608761 -0.793353 0.000000
    outer loop
      vertex -15.862500 -11.825721 5.400000
      vertex -15.862500 -11.825721 5.550000
      vertex -16.095495 -12.004505 5.550000
    endloop
  endfacet
  facet normal 0.000000 0.000000 1.000000
    outer loop
      vertex -16.150000 -11.327757 5.550000
      vertex -16.502082 -11.597918 5.550000
      vertex -16.095495 -12.004505 5.550000
    endloop
  endfacet
  facet normal 0.000000 0.000000 1.000000
    outer loop
      vertex -16.150000 -11.327757 5.550000
      vertex -16.095495 -12.004505 5.550000
      vertex -15.862500 -11.825721 5.550000
    endloop
  endfacet
  facet normal 0.000000 -0.000000 -1.000000
    outer loop
      vertex -16.150000 -11.327757 5.400000
      vertex -16.095495 -12.004505 5.400000
      vertex -16.502082 -11.597918 5.400000
    endloop
  endfacet
  facet normal 0.000000 0.000000 -1.000000
    outer loop
      vertex -16.150000 -11.327757 5.400000
      vertex -15.862500 -11.825721 5.400000
      vertex -16.095495 -12.004505 5.400000
    endloop
  endfacet
  facet normal -0.793353 0.608761 0.000000
    outer loop
      vertex -16.502082 -11.597918 5.400000
      vertex -16.772243 -11.950000 5.400000
      vertex -16.772243 -11.950000 5.550000
    endloop
  endfacet
  facet normal -0.793353 0.608761 0.000000
    outer loop
      vertex -16.502082 -11.597918 5.400000
      vertex -16.772243 -11.950000 5.550000
      vertex -16.502082 -11.597918 5.550000
    endloop
  endfacet
  facet normal 0.793353 -0.608761 0.000000
    outer loop
      vertex -16.095495 -12.004505 5.400000
      vertex -16.274279 -12.237500 5.550000
      vertex -16.274279 -12.237500 5.400000
    endloop
  endfacet
  facet normal 0.793353 -0.608761 0.000000
    outer loop
      vertex -16.095495 -12.004505 5.400000
      vertex -16.095495 -12.004505 5.550000
      vertex -16.274279 -12.237500 5.550000
    endloop
  endfacet
  facet normal 0.000000 0.000000 1.000000
    outer loop
      vertex -16.502082 -11.597918 5.550000
      vertex -16.772243 -11.950000 5.550000
      vertex -16.274279 -12.237500 5.550000
    endloop
  endfacet
  facet normal 0.000000 0.000000 1.000000
    outer loop
      vertex -16.502082 -11.597918 5.550000
      vertex -16.274279 -12.237500 5.550000
      vertex -16.095495 -12.004505 5.550000
    endloop
  endfacet
  facet normal 0.000000 -0.000000 -1.000000
    outer loop
      vertex -16.502082 -11.597918 5.400000
      vertex -16.274279 -12.237500 5.400000
      vertex -16.772243 -11.950000 5.400000
    endloop
  endfacet
  facet normal 0.000000 0.000000 -1.000000
    outer loop
      vertex -16.502082 -11.597918 5.400000
      vertex -16.095495 -12.004505 5.400000
      vertex -16.274279 -12.237500 5.400000
    endloop
  endfacet
  facet normal -0.923880 0.382683 0.000000
    outer loop
      vertex -16.772243 -11.950000 5.400000
      vertex -16.942074 -12.360008 5.400000
      vertex -16.942074 -12.360008 5.550000
    endloop
  endfacet
  facet normal -0.923880 0.382683 0.000000
    outer loop
      vertex -16.772243 -11.950000 5.400000
      vertex -16.942074 -12.360008 5.550000
      vertex -16.772243 -11.950000 5.550000
    endloop
  endfacet
  facet normal 0.923880 -0.382683 0.000000
    outer loop
      vertex -16.274279 -12.237500 5.400000
      vertex -16.386667 -12.508829 5.550000
      vertex -16.386667 -12.508829 5.400000
    endloop
  endfacet
  facet normal 0.923880 -0.382683 0.000000
    outer loop
      vertex -16.274279 -12.237500 5.400000
      vertex -16.274279 -12.237500 5.550000
      vertex -16.386667 -12.508829 5.550000
    endloop
  endfacet
  facet normal 0.000000 0.000000 1.000000
    outer loop
      vertex -16.772243 -11.950000 5.550000
      vertex -16.942074 -12.360008 5.550000
      vertex -16.386667 -12.508829 5.550000
    endloop
  endfacet
  facet normal 0.000000 0.000000 1.000000
    outer loop
      vertex -16.772243 -11.950000 5.550000
      vertex -16.386667 -12.508829 5.550000
      vertex -16.274279 -12.237500 5.550000
    endloop
  endfacet
  facet normal 0.000000 -0.000000 -1.000000
    outer loop
      vertex -16.772243 -11.950000 5.400000
      vertex -16.386667 -12.508829 5.400000
      vertex -16.942074 -12.360008 5.400000
    endloop
  endfacet
  facet normal 0.000000 0.000000 -1.000000
    outer loop
      vertex -16.772243 -11.950000 5.400000
      vertex -16.274279 -12.237500 5.400000
      vertex -16.386667 -12.508829 5.400000
    endloop
  endfacet
  facet normal -0.991445 0.130526 0.000000
    outer loop
      vertex -16.942074 -12.360008 5.400000
      vertex -17.000000 -12.800000 5.400000
      vertex -17.000000 -12.800000 5.550000
    endloop
  endfacet
  facet normal -0.991445 0.130526 0.000000
    outer loop
      vertex -16.942074 -12.360008 5.400000
      vertex -17.000000 -12.800000 5.550000
      vertex -16.942074 -12.360008 5.550000
    endloop
  endfacet
  facet normal 0.991445 -0.130526 0.000000
    outer loop
      vertex -16.386667 -12.508829 5.400000
      vertex -16.425000 -12.800000 5.550000
      vertex -16.425000 -12.800000 5.400000
    endloop
  endfacet
  facet normal 0.991445 -0.130526 0.000000
    outer loop
      vertex -16.386667 -12.508829 5.400000
      vertex -16.386667 -12.508829 5.550000
      vertex -16.425000 -12.800000 5.550000
    endloop
  endfacet
  facet normal 0.000000 0.000000 1.000000
    outer loop
      vertex -16.942074 -12.360008 5.550000
      vertex -17.000000 -12.800000 5.550000
      vertex -16.425000 -12.800000 5.550000
    endloop
  endfacet
  facet normal 0.000000 0.000000 1.000000
    outer loop
      vertex -16.942074 -12.360008 5.550000
      vertex -16.425000 -12.800000 5.550000
      vertex -16.386667 -12.508829 5.550000
    endloop
  endfacet
  facet normal 0.000000 -0.000000 -1.000000
    outer loop
      vertex -16.942074 -12.360008 5.400000
      vertex -16.425000 -12.800000 5.400000
      vertex -17.000000 -12.800000 5.400000
    endloop
  endfacet
  facet normal 0.000000 0.000000 -1.000000
    outer loop
      vertex -16.942074 -12.360008 5.400000
      vertex -16.386667 -12.508829 5.400000
      vertex -16.425000 -12.800000 5.400000
    endloop
  endfacet
  facet normal -0.991445 -0.130526 0.000000
    outer loop
      vertex -17.000000 -12.800000 5.400000
      vertex -16.942074 -13.239992 5.400000
      vertex -16.942074 -13.239992 5.550000
    endloop
  endfacet
  facet normal -0.991445 -0.130526 0.000000
    outer loop
      vertex -17.000000 -12.800000 5.400000
      vertex -16.942074 -13.239992 5.550000
      vertex -17.000000 -12.800000 5.550000
    endloop
  endfacet
  facet normal 0.991445 0.130526 0.000000
    outer loop
      vertex -16.425000 -12.800000 5.400000
      vertex -16.386667 -13.091171 5.550000
      vertex -16.386667 -13.091171 5.400000
    endloop
  endfacet
  facet normal 0.991445 0.130526 -0.000000
    outer loop
      vertex -16.425000 -12.800000 5.400000
      vertex -16.425000 -12.800000 5.550000
      vertex -16.386667 -13.091171 5.550000
    endloop
  endfacet
  facet normal 0.000000 0.000000 1.000000
    outer loop
      vertex -17.000000 -12.800000 5.550000
      vertex -16.942074 -13.239992 5.550000
      vertex -16.386667 -13.091171 5.550000
    endloop
  endfacet
  facet normal -0.000000 0.000000 1.000000
    outer loop
      vertex -17.000000 -12.800000 5.550000
      vertex -16.386667 -13.091171 5.550000
      vertex -16.425000 -12.800000 5.550000
    endloop
  endfacet
  facet normal 0.000000 0.000000 -1.000000
    outer loop
      vertex -17.000000 -12.800000 5.400000
      vertex -16.386667 -13.091171 5.400000
      vertex -16.942074 -13.239992 5.400000
    endloop
  endfacet
  facet normal 0.000000 0.000000 -1.000000
    outer loop
      vertex -17.000000 -12.800000 5.400000
      vertex -16.425000 -12.800000 5.400000
      vertex -16.386667 -13.091171 5.400000
    endloop
  endfacet
  facet normal -0.923880 -0.382683 0.000000
    outer loop
      vertex -16.942074 -13.239992 5.400000
      vertex -16.772243 -13.650000 5.400000
      vertex -16.772243 -13.650000 5.550000
    endloop
  endfacet
  facet normal -0.923880 -0.382683 0.000000
    outer loop
      vertex -16.942074 -13.239992 5.400000
      vertex -16.772243 -13.650000 5.550000
      vertex -16.942074 -13.239992 5.550000
    endloop
  endfacet
  facet normal 0.923880 0.382683 0.000000
    outer loop
      vertex -16.386667 -13.091171 5.400000
      vertex -16.274279 -13.362500 5.550000
      vertex -16.274279 -13.362500 5.400000
    endloop
  endfacet
  facet normal 0.923880 0.382683 -0.000000
    outer loop
      vertex -16.386667 -13.091171 5.400000
      vertex -16.386667 -13.091171 5.550000
      vertex -16.274279 -13.362500 5.550000
    endloop
  endfacet
  facet normal 0.000000 0.000000 1.000000
    outer loop
      vertex -16.942074 -13.239992 5.550000
      vertex -16.772243 -13.650000 5.550000
      vertex -16.274279 -13.362500 5.550000
    endloop
  endfacet
  facet normal -0.000000 0.000000 1.000000
    outer loop
      vertex -16.942074 -13.239992 5.550000
      vertex -16.274279 -13.362500 5.550000
      vertex -16.386667 -13.091171 5.550000
    endloop
  endfacet
  facet normal 0.000000 0.000000 -1.000000
    outer loop
      vertex -16.942074 -13.239992 5.400000
      vertex -16.274279 -13.362500 5.400000
      vertex -16.772243 -13.650000 5.400000
    endloop
  endfacet
  facet normal 0.000000 0.000000 -1.000000
    outer loop
      vertex -16.942074 -13.239992 5.400000
      vertex -16.386667 -13.091171 5.400000
      vertex -16.274279 -13.362500 5.400000
    endloop
  endfacet
  facet normal -0.793353 -0.608761 0.000000
    outer loop
      vertex -16.772243 -13.650000 5.400000
      vertex -16.502082 -14.002082 5.400000
      vertex -16.502082 -14.002082 5.550000
    endloop
  endfacet
  facet normal -0.793353 -0.608761 0.000000
    outer loop
      vertex -16.772243 -13.650000 5.400000
      vertex -16.502082 -14.002082 5.550000
      vertex -16.772243 -13.650000 5.550000
    endloop
  endfacet
  facet normal 0.793353 0.608761 0.000000
    outer loop
      vertex -16.274279 -13.362500 5.400000
      vertex -16.095495 -13.595495 5.550000
      vertex -16.095495 -13.595495 5.400000
    endloop
  endfacet
  facet normal 0.793353 0.608761 -0.000000
    outer loop
      vertex -16.274279 -13.362500 5.400000
      vertex -16.274279 -13.362500 5.550000
      vertex -16.095495 -13.595495 5.550000
    endloop
  endfacet
  facet normal -0.000000 0.000000 1.000000
    outer loop
      vertex -16.772243 -13.650000 5.550000
      vertex -16.502082 -14.002082 5.550000
      vertex -16.095495 -13.595495 5.550000
    endloop
  endfacet
  facet normal 0.000000 0.000000 1.000000
    outer loop
      vertex -16.772243 -13.650000 5.550000
      vertex -16.095495 -13.595495 5.550000
      vertex -16.274279 -13.362500 5.550000
    endloop
  endfacet
  facet normal 0.000000 0.000000 -1.000000
    outer loop
      vertex -16.772243 -13.650000 5.400000
      vertex -16.095495 -13.595495 5.400000
      vertex -16.502082 -14.002082 5.400000
    endloop
  endfacet
  facet normal 0.000000 0.000000 -1.000000
    outer loop
      vertex -16.772243 -13.650000 5.400000
      vertex -16.274279 -13.362500 5.400000
      vertex -16.095495 -13.595495 5.400000
    endloop
  endfacet
  facet normal -0.608761 -0.793353 0.000000
    outer loop
      vertex -16.502082 -14.002082 5.400000
      vertex -16.150000 -14.272243 5.400000
      vertex -16.150000 -14.272243 5.550000
    endloop
  endfacet
  facet normal -0.608761 -0.793353 0.000000
    outer loop
      vertex -16.502082 -14.002082 5.400000
      vertex -16.150000 -14.272243 5.550000
      vertex -16.502082 -14.002082 5.550000
    endloop
  endfacet
  facet normal 0.608761 0.793353 0.000000
    outer loop
      vertex -16.095495 -13.595495 5.400000
      vertex -15.862500 -13.774279 5.550000
      vertex -15.862500 -13.774279 5.400000
    endloop
  endfacet
  facet normal 0.608761 0.793353 -0.000000
    outer loop
      vertex -16.095495 -13.595495 5.400000
      vertex -16.095495 -13.595495 5.550000
      vertex -15.862500 -13.774279 5.550000
    endloop
  endfacet
  facet normal -0.000000 0.000000 1.000000
    outer loop
      vertex -16.502082 -14.002082 5.550000
      vertex -16.150000 -14.272243 5.550000
      vertex -15.862500 -13.774279 5.550000
    endloop
  endfacet
  facet normal 0.000000 0.000000 1.000000
    outer loop
      vertex -16.502082 -14.002082 5.550000
      vertex -15.862500 -13.774279 5.550000
      vertex -16.095495 -13.595495 5.550000
    endloop
  endfacet
  facet normal 0.000000 0.000000 -1.000000
    outer loop
      vertex -16.502082 -14.002082 5.400000
      vertex -15.862500 -13.774279 5.400000
      vertex -16.150000 -14.272243 5.400000
    endloop
  endfacet
  facet normal 0.000000 0.000000 -1.000000
    outer loop
      vertex -16.502082 -14.002082 5.400000
      vertex -16.095495 -13.595495 5.400000
      vertex -15.862500 -13.774279 5.400000
    endloop
  endfacet
  facet normal -0.382683 -0.923880 0.000000
    outer loop
      vertex -16.150000 -14.272243 5.400000
      vertex -15.739992 -14.442074 5.400000
      vertex -15.739992 -14.442074 5.550000
    endloop
  endfacet
  facet normal -0.382683 -0.923880 0.000000
    outer loop
      vertex -16.150000 -14.272243 5.400000
      vertex -15.739992 -14.442074 5.550000
      vertex -16.150000 -14.272243 5.550000
    endloop
  endfacet
  facet normal 0.382683 0.923880 0.000000
    outer loop
      vertex -15.862500 -13.774279 5.400000
      vertex -15.591171 -13.886667 5.550000
      vertex -15.591171 -13.886667 5.400000
    endloop
  endfacet
  facet normal 0.382683 0.923880 -0.000000
    outer loop
      vertex -15.862500 -13.774279 5.400000
      vertex -15.862500 -13.774279 5.550000
      vertex -15.591171 -13.886667 5.550000
    endloop
  endfacet
  facet normal -0.000000 0.000000 1.000000
    outer loop
      vertex -16.150000 -14.272243 5.550000
      vertex -15.739992 -14.442074 5.550000
      vertex -15.591171 -13.886667 5.550000
    endloop
  endfacet
  facet normal 0.000000 0.000000 1.000000
    outer loop
      vertex -16.150000 -14.272243 5.550000
      vertex -15.591171 -13.886667 5.550000
      vertex -15.862500 -13.774279 5.550000
    endloop
  endfacet
  facet normal 0.000000 0.000000 -1.000000
    outer loop
      vertex -16.150000 -14.272243 5.400000
      vertex -15.591171 -13.886667 5.400000
      vertex -15.739992 -14.442074 5.400000
    endloop
  endfacet
  facet normal 0.000000 0.000000 -1.000000
    outer loop
      vertex -16.150000 -14.272243 5.400000
      vertex -15.862500 -13.774279 5.400000
      vertex -15.591171 -13.886667 5.400000
    endloop
  endfacet
  facet normal -0.130526 -0.991445 0.000000
    outer loop
      vertex -15.739992 -14.442074 5.400000
      vertex -15.300000 -14.500000 5.400000
      vertex -15.300000 -14.500000 5.550000
    endloop
  endfacet
  facet normal -0.130526 -0.991445 0.000000
    outer loop
      vertex -15.739992 -14.442074 5.400000
      vertex -15.300000 -14.500000 5.550000
      vertex -15.739992 -14.442074 5.550000
    endloop
  endfacet
  facet normal 0.130526 0.991445 0.000000
    outer loop
      vertex -15.591171 -13.886667 5.400000
      vertex -15.300000 -13.925000 5.550000
      vertex -15.300000 -13.925000 5.400000
    endloop
  endfacet
  facet normal 0.130526 0.991445 -0.000000
    outer loop
      vertex -15.591171 -13.886667 5.400000
      vertex -15.591171 -13.886667 5.550000
      vertex -15.300000 -13.925000 5.550000
    endloop
  endfacet
  facet normal -0.000000 0.000000 1.000000
    outer loop
      vertex -15.739992 -14.442074 5.550000
      vertex -15.300000 -14.500000 5.550000
      vertex -15.300000 -13.925000 5.550000
    endloop
  endfacet
  facet normal 0.000000 0.000000 1.000000
    outer loop
      vertex -15.739992 -14.442074 5.550000
      vertex -15.300000 -13.925000 5.550000
      vertex -15.591171 -13.886667 5.550000
    endloop
  endfacet
  facet normal 0.000000 0.000000 -1.000000
    outer loop
      vertex -15.739992 -14.442074 5.400000
      vertex -15.300000 -13.925000 5.400000
      vertex -15.300000 -14.500000 5.400000
    endloop
  endfacet
  facet normal 0.000000 0.000000 -1.000000
    outer loop
      vertex -15.739992 -14.442074 5.400000
      vertex -15.591171 -13.886667 5.400000
      vertex -15.300000 -13.925000 5.400000
    endloop
  endfacet
  facet normal 0.130526 -0.991445 0.000000
    outer loop
      vertex -15.300000 -14.500000 5.400000
      vertex -14.860008 -14.442074 5.400000
      vertex -14.860008 -14.442074 5.550000
    endloop
  endfacet
  facet normal 0.130526 -0.991445 0.000000
    outer loop
      vertex -15.300000 -14.500000 5.400000
      vertex -14.860008 -14.442074 5.550000
      vertex -15.300000 -14.500000 5.550000
    endloop
  endfacet
  facet normal -0.130526 0.991445 0.000000
    outer loop
      vertex -15.300000 -13.925000 5.400000
      vertex -15.008829 -13.886667 5.550000
      vertex -15.008829 -13.886667 5.400000
    endloop
  endfacet
  facet normal -0.130526 0.991445 0.000000
    outer loop
      vertex -15.300000 -13.925000 5.400000
      vertex -15.300000 -13.925000 5.550000
      vertex -15.008829 -13.886667 5.550000
    endloop
  endfacet
  facet normal 0.000000 0.000000 1.000000
    outer loop
      vertex -15.300000 -14.500000 5.550000
      vertex -14.860008 -14.442074 5.550000
      vertex -15.008829 -13.886667 5.550000
    endloop
  endfacet
  facet normal 0.000000 0.000000 1.000000
    outer loop
      vertex -15.300000 -14.500000 5.550000
      vertex -15.008829 -13.886667 5.550000
      vertex -15.300000 -13.925000 5.550000
    endloop
  endfacet
  facet normal 0.000000 0.000000 -1.000000
    outer loop
      vertex -15.300000 -14.500000 5.400000
      vertex -15.008829 -13.886667 5.400000
      vertex -14.860008 -14.442074 5.400000
    endloop
  endfacet
  facet normal 0.000000 0.000000 -1.000000
    outer loop
      vertex -15.300000 -14.500000 5.400000
      vertex -15.300000 -13.925000 5.400000
      vertex -15.008829 -13.886667 5.400000
    endloop
  endfacet
  facet normal 0.382683 -0.923880 0.000000
    outer loop
      vertex -14.860008 -14.442074 5.400000
      vertex -14.450000 -14.272243 5.400000
      vertex -14.450000 -14.272243 5.550000
    endloop
  endfacet
  facet normal 0.382683 -0.923880 0.000000
    outer loop
      vertex -14.860008 -14.442074 5.400000
      vertex -14.450000 -14.272243 5.550000
      vertex -14.860008 -14.442074 5.550000
    endloop
  endfacet
  facet normal -0.382683 0.923880 0.000000
    outer loop
      vertex -15.008829 -13.886667 5.400000
      vertex -14.737500 -13.774279 5.550000
      vertex -14.737500 -13.774279 5.400000
    endloop
  endfacet
  facet normal -0.382683 0.923880 0.000000
    outer loop
      vertex -15.008829 -13.886667 5.400000
      vertex -15.008829 -13.886667 5.550000
      vertex -14.737500 -13.774279 5.550000
    endloop
  endfacet
  facet normal 0.000000 0.000000 1.000000
    outer loop
      vertex -14.860008 -14.442074 5.550000
      vertex -14.450000 -14.272243 5.550000
      vertex -14.737500 -13.774279 5.550000
    endloop
  endfacet
  facet normal 0.000000 -0.000000 1.000000
    outer loop
      vertex -14.860008 -14.442074 5.550000
      vertex -14.737500 -13.774279 5.550000
      vertex -15.008829 -13.886667 5.550000
    endloop
  endfacet
  facet normal 0.000000 0.000000 -1.000000
    outer loop
      vertex -14.860008 -14.442074 5.400000
      vertex -14.737500 -13.774279 5.400000
      vertex -14.450000 -14.272243 5.400000
    endloop
  endfacet
  facet normal 0.000000 0.000000 -1.000000
    outer loop
      vertex -14.860008 -14.442074 5.400000
      vertex -15.008829 -13.886667 5.400000
      vertex -14.737500 -13.774279 5.400000
    endloop
  endfacet
  facet normal 0.608761 -0.793353 0.000000
    outer loop
      vertex -14.450000 -14.272243 5.400000
      vertex -14.097918 -14.002082 5.400000
      vertex -14.097918 -14.002082 5.550000
    endloop
  endfacet
  facet normal 0.608761 -0.793353 0.000000
    outer loop
      vertex -14.450000 -14.272243 5.400000
      vertex -14.097918 -14.002082 5.550000
      vertex -14.450000 -14.272243 5.550000
    endloop
  endfacet
  facet normal -0.608761 0.793353 0.000000
    outer loop
      vertex -14.737500 -13.774279 5.400000
      vertex -14.504505 -13.595495 5.550000
      vertex -14.504505 -13.595495 5.400000
    endloop
  endfacet
  facet normal -0.608761 0.793353 0.000000
    outer loop
      vertex -14.737500 -13.774279 5.400000
      vertex -14.737500 -13.774279 5.550000
      vertex -14.504505 -13.595495 5.550000
    endloop
  endfacet
  facet normal 0.000000 -0.000000 1.000000
    outer loop
      vertex -14.450000 -14.272243 5.550000
      vertex -14.097918 -14.002082 5.550000
      vertex -14.504505 -13.595495 5.550000
    endloop
  endfacet
  facet normal 0.000000 0.000000 1.000000
    outer loop
      vertex -14.450000 -14.272243 5.550000
      vertex -14.504505 -13.595495 5.550000
      vertex -14.737500 -13.774279 5.550000
    endloop
  endfacet
  facet normal 0.000000 0.000000 -1.000000
    outer loop
      vertex -14.450000 -14.272243 5.400000
      vertex -14.504505 -13.595495 5.400000
      vertex -14.097918 -14.002082 5.400000
    endloop
  endfacet
  facet normal 0.000000 0.000000 -1.000000
    outer loop
      vertex -14.450000 -14.272243 5.400000
      vertex -14.737500 -13.774279 5.400000
      vertex -14.504505 -13.595495 5.400000
    endloop
  endfacet
  facet normal 0.793353 -0.608761 0.000000
    outer loop
      vertex -14.097918 -14.002082 5.400000
      vertex -13.827757 -13.650000 5.400000
      vertex -13.827757 -13.650000 5.550000
    endloop
  endfacet
  facet normal 0.793353 -0.608761 0.000000
    outer loop
      vertex -14.097918 -14.002082 5.400000
      vertex -13.827757 -13.650000 5.550000
      vertex -14.097918 -14.002082 5.550000
    endloop
  endfacet
  facet normal -0.793353 0.608761 0.000000
    outer loop
      vertex -14.504505 -13.595495 5.400000
      vertex -14.325721 -13.362500 5.550000
      vertex -14.325721 -13.362500 5.400000
    endloop
  endfacet
  facet normal -0.793353 0.608761 0.000000
    outer loop
      vertex -14.504505 -13.595495 5.400000
      vertex -14.504505 -13.595495 5.550000
      vertex -14.325721 -13.362500 5.550000
    endloop
  endfacet
  facet normal 0.000000 -0.000000 1.000000
    outer loop
      vertex -14.097918 -14.002082 5.550000
      vertex -13.827757 -13.650000 5.550000
      vertex -14.325721 -13.362500 5.550000
    endloop
  endfacet
  facet normal 0.000000 0.000000 1.000000
    outer loop
      vertex -14.097918 -14.002082 5.550000
      vertex -14.325721 -13.362500 5.550000
      vertex -14.504505 -13.595495 5.550000
    endloop
  endfacet
  facet normal 0.000000 0.000000 -1.000000
    outer loop
      vertex -14.097918 -14.002082 5.400000
      vertex -14.325721 -13.362500 5.400000
      vertex -13.827757 -13.650000 5.400000
    endloop
  endfacet
  facet normal 0.000000 0.000000 -1.000000
    outer loop
      vertex -14.097918 -14.002082 5.400000
      vertex -14.504505 -13.595495 5.400000
      vertex -14.325721 -13.362500 5.400000
    endloop
  endfacet
  facet normal 0.923880 -0.382683 0.000000
    outer loop
      vertex -13.827757 -13.650000 5.400000
      vertex -13.657926 -13.239992 5.400000
      vertex -13.657926 -13.239992 5.550000
    endloop
  endfacet
  facet normal 0.923880 -0.382683 0.000000
    outer loop
      vertex -13.827757 -13.650000 5.400000
      vertex -13.657926 -13.239992 5.550000
      vertex -13.827757 -13.650000 5.550000
    endloop
  endfacet
  facet normal -0.923880 0.382683 0.000000
    outer loop
      vertex -14.325721 -13.362500 5.400000
      vertex -14.213333 -13.091171 5.550000
      vertex -14.213333 -13.091171 5.400000
    endloop
  endfacet
  facet normal -0.923880 0.382683 0.000000
    outer loop
      vertex -14.325721 -13.362500 5.400000
      vertex -14.325721 -13.362500 5.550000
      vertex -14.213333 -13.091171 5.550000
    endloop
  endfacet
  facet normal 0.000000 -0.000000 1.000000
    outer loop
      vertex -13.827757 -13.650000 5.550000
      vertex -13.657926 -13.239992 5.550000
      vertex -14.213333 -13.091171 5.550000
    endloop
  endfacet
  facet normal 0.000000 0.000000 1.000000
    outer loop
      vertex -13.827757 -13.650000 5.550000
      vertex -14.213333 -13.091171 5.550000
      vertex -14.325721 -13.362500 5.550000
    endloop
  endfacet
  facet normal 0.000000 0.000000 -1.000000
    outer loop
      vertex -13.827757 -13.650000 5.400000
      vertex -14.213333 -13.091171 5.400000
      vertex -13.657926 -13.239992 5.400000
    endloop
  endfacet
  facet normal 0.000000 0.000000 -1.000000
    outer loop
      vertex -13.827757 -13.650000 5.400000
      vertex -14.325721 -13.362500 5.400000
      vertex -14.213333 -13.091171 5.400000
    endloop
  endfacet
  facet normal 0.991445 -0.130526 0.000000
    outer loop
      vertex -13.657926 -13.239992 5.400000
      vertex -13.600000 -12.800000 5.400000
      vertex -13.600000 -12.800000 5.550000
    endloop
  endfacet
  facet normal 0.991445 -0.130526 0.000000
    outer loop
      vertex -13.657926 -13.239992 5.400000
      vertex -13.600000 -12.800000 5.550000
      vertex -13.657926 -13.239992 5.550000
    endloop
  endfacet
  facet normal -0.991445 0.130526 0.000000
    outer loop
      vertex -14.213333 -13.091171 5.400000
      vertex -14.175000 -12.800000 5.550000
      vertex -14.175000 -12.800000 5.400000
    endloop
  endfacet
  facet normal -0.991445 0.130526 0.000000
    outer loop
      vertex -14.213333 -13.091171 5.400000
      vertex -14.213333 -13.091171 5.550000
      vertex -14.175000 -12.800000 5.550000
    endloop
  endfacet
  facet normal 0.000000 -0.000000 1.000000
    outer loop
      vertex -13.657926 -13.239992 5.550000
      vertex -13.600000 -12.800000 5.550000
      vertex -14.175000 -12.800000 5.550000
    endloop
  endfacet
  facet normal 0.000000 0.000000 1.000000
    outer loop
      vertex -13.657926 -13.239992 5.550000
      vertex -14.175000 -12.800000 5.550000
      vertex -14.213333 -13.091171 5.550000
    endloop
  endfacet
  facet normal 0.000000 0.000000 -1.000000
    outer loop
      vertex -13.657926 -13.239992 5.400000
      vertex -14.175000 -12.800000 5.400000
      vertex -13.600000 -12.800000 5.400000
    endloop
  endfacet
  facet normal 0.000000 0.000000 -1.000000
    outer loop
      vertex -13.657926 -13.239992 5.400000
      vertex -14.213333 -13.091171 5.400000
      vertex -14.175000 -12.800000 5.400000
    endloop
  endfacet
  facet normal 0.991445 0.130526 0.000000
    outer loop
      vertex 17.000000 -12.800000 5.400000
      vertex 16.942074 -12.360008 5.400000
      vertex 16.942074 -12.360008 5.550000
    endloop
  endfacet
  facet normal 0.991445 0.130526 -0.000000
    outer loop
      vertex 17.000000 -12.800000 5.400000
      vertex 16.942074 -12.360008 5.550000
      vertex 17.000000 -12.800000 5.550000
    endloop
  endfacet
  facet normal -0.991445 -0.130526 0.000000
    outer loop
      vertex 16.425000 -12.800000 5.400000
      vertex 16.386667 -12.508829 5.550000
      vertex 16.386667 -12.508829 5.400000
    endloop
  endfacet
  facet normal -0.991445 -0.130526 0.000000
    outer loop
      vertex 16.425000 -12.800000 5.400000
      vertex 16.425000 -12.800000 5.550000
      vertex 16.386667 -12.508829 5.550000
    endloop
  endfacet
  facet normal 0.000000 0.000000 1.000000
    outer loop
      vertex 17.000000 -12.800000 5.550000
      vertex 16.942074 -12.360008 5.550000
      vertex 16.386667 -12.508829 5.550000
    endloop
  endfacet
  facet normal 0.000000 0.000000 1.000000
    outer loop
      vertex 17.000000 -12.800000 5.550000
      vertex 16.386667 -12.508829 5.550000
      vertex 16.425000 -12.800000 5.550000
    endloop
  endfacet
  facet normal 0.000000 0.000000 -1.000000
    outer loop
      vertex 17.000000 -12.800000 5.400000
      vertex 16.386667 -12.508829 5.400000
      vertex 16.942074 -12.360008 5.400000
    endloop
  endfacet
  facet normal 0.000000 0.000000 -1.000000
    outer loop
      vertex 17.000000 -12.800000 5.400000
      vertex 16.425000 -12.800000 5.400000
      vertex 16.386667 -12.508829 5.400000
    endloop
  endfacet
  facet normal 0.923880 0.382683 0.000000
    outer loop
      vertex 16.942074 -12.360008 5.400000
      vertex 16.772243 -11.950000 5.400000
      vertex 16.772243 -11.950000 5.550000
    endloop
  endfacet
  facet normal 0.923880 0.382683 -0.000000
    outer loop
      vertex 16.942074 -12.360008 5.400000
      vertex 16.772243 -11.950000 5.550000
      vertex 16.942074 -12.360008 5.550000
    endloop
  endfacet
  facet normal -0.923880 -0.382683 0.000000
    outer loop
      vertex 16.386667 -12.508829 5.400000
      vertex 16.274279 -12.237500 5.550000
      vertex 16.274279 -12.237500 5.400000
    endloop
  endfacet
  facet normal -0.923880 -0.382683 0.000000
    outer loop
      vertex 16.386667 -12.508829 5.400000
      vertex 16.386667 -12.508829 5.550000
      vertex 16.274279 -12.237500 5.550000
    endloop
  endfacet
  facet normal 0.000000 0.000000 1.000000
    outer loop
      vertex 16.942074 -12.360008 5.550000
      vertex 16.772243 -11.950000 5.550000
      vertex 16.274279 -12.237500 5.550000
    endloop
  endfacet
  facet normal 0.000000 0.000000 1.000000
    outer loop
      vertex 16.942074 -12.360008 5.550000
      vertex 16.274279 -12.237500 5.550000
      vertex 16.386667 -12.508829 5.550000
    endloop
  endfacet
  facet normal 0.000000 0.000000 -1.000000
    outer loop
      vertex 16.942074 -12.360008 5.400000
      vertex 16.274279 -12.237500 5.400000
      vertex 16.772243 -11.950000 5.400000
    endloop
  endfacet
  facet normal -0.000000 0.000000 -1.000000
    outer loop
      vertex 16.942074 -12.360008 5.400000
      vertex 16.386667 -12.508829 5.400000
      vertex 16.274279 -12.237500 5.400000
    endloop
  endfacet
  facet normal 0.793353 0.608761 0.000000
    outer loop
      vertex 16.772243 -11.950000 5.400000
      vertex 16.502082 -11.597918 5.400000
      vertex 16.502082 -11.597918 5.550000
    endloop
  endfacet
  facet normal 0.793353 0.608761 -0.000000
    outer loop
      vertex 16.772243 -11.950000 5.400000
      vertex 16.502082 -11.597918 5.550000
      vertex 16.772243 -11.950000 5.550000
    endloop
  endfacet
  facet normal -0.793353 -0.608761 0.000000
    outer loop
      vertex 16.274279 -12.237500 5.400000
      vertex 16.095495 -12.004505 5.550000
      vertex 16.095495 -12.004505 5.400000
    endloop
  endfacet
  facet normal -0.793353 -0.608761 0.000000
    outer loop
      vertex 16.274279 -12.237500 5.400000
      vertex 16.274279 -12.237500 5.550000
      vertex 16.095495 -12.004505 5.550000
    endloop
  endfacet
  facet normal 0.000000 0.000000 1.000000
    outer loop
      vertex 16.772243 -11.950000 5.550000
      vertex 16.502082 -11.597918 5.550000
      vertex 16.095495 -12.004505 5.550000
    endloop
  endfacet
  facet normal 0.000000 0.000000 1.000000
    outer loop
      vertex 16.772243 -11.950000 5.550000
      vertex 16.095495 -12.004505 5.550000
      vertex 16.274279 -12.237500 5.550000
    endloop
  endfacet
  facet normal -0.000000 0.000000 -1.000000
    outer loop
      vertex 16.772243 -11.950000 5.400000
      vertex 16.095495 -12.004505 5.400000
      vertex 16.502082 -11.597918 5.400000
    endloop
  endfacet
  facet normal 0.000000 0.000000 -1.000000
    outer loop
      vertex 16.772243 -11.950000 5.400000
      vertex 16.274279 -12.237500 5.400000
      vertex 16.095495 -12.004505 5.400000
    endloop
  endfacet
  facet normal 0.608761 0.793353 0.000000
    outer loop
      vertex 16.502082 -11.597918 5.400000
      vertex 16.150000 -11.327757 5.400000
      vertex 16.150000 -11.327757 5.550000
    endloop
  endfacet
  facet normal 0.608761 0.793353 -0.000000
    outer loop
      vertex 16.502082 -11.597918 5.400000
      vertex 16.150000 -11.327757 5.550000
      vertex 16.502082 -11.597918 5.550000
    endloop
  endfacet
  facet normal -0.608761 -0.793353 0.000000
    outer loop
      vertex 16.095495 -12.004505 5.400000
      vertex 15.862500 -11.825721 5.550000
      vertex 15.862500 -11.825721 5.400000
    endloop
  endfacet
  facet normal -0.608761 -0.793353 0.000000
    outer loop
      vertex 16.095495 -12.004505 5.400000
      vertex 16.095495 -12.004505 5.550000
      vertex 15.862500 -11.825721 5.550000
    endloop
  endfacet
  facet normal 0.000000 0.000000 1.000000
    outer loop
      vertex 16.502082 -11.597918 5.550000
      vertex 16.150000 -11.327757 5.550000
      vertex 15.862500 -11.825721 5.550000
    endloop
  endfacet
  facet normal 0.000000 0.000000 1.000000
    outer loop
      vertex 16.502082 -11.597918 5.550000
      vertex 15.862500 -11.825721 5.550000
      vertex 16.095495 -12.004505 5.550000
    endloop
  endfacet
  facet normal -0.000000 0.000000 -1.000000
    outer loop
      vertex 16.502082 -11.597918 5.400000
      vertex 15.862500 -11.825721 5.400000
      vertex 16.150000 -11.327757 5.400000
    endloop
  endfacet
  facet normal 0.000000 0.000000 -1.000000
    outer loop
      vertex 16.502082 -11.597918 5.400000
      vertex 16.095495 -12.004505 5.400000
      vertex 15.862500 -11.825721 5.400000
    endloop
  endfacet
  facet normal 0.382683 0.923880 0.000000
    outer loop
      vertex 16.150000 -11.327757 5.400000
      vertex 15.739992 -11.157926 5.400000
      vertex 15.739992 -11.157926 5.550000
    endloop
  endfacet
  facet normal 0.382683 0.923880 -0.000000
    outer loop
      vertex 16.150000 -11.327757 5.400000
      vertex 15.739992 -11.157926 5.550000
      vertex 16.150000 -11.327757 5.550000
    endloop
  endfacet
  facet normal -0.382683 -0.923880 0.000000
    outer loop
      vertex 15.862500 -11.825721 5.400000
      vertex 15.591171 -11.713333 5.550000
      vertex 15.591171 -11.713333 5.400000
    endloop
  endfacet
  facet normal -0.382683 -0.923880 0.000000
    outer loop
      vertex 15.862500 -11.825721 5.400000
      vertex 15.862500 -11.825721 5.550000
      vertex 15.591171 -11.713333 5.550000
    endloop
  endfacet
  facet normal 0.000000 0.000000 1.000000
    outer loop
      vertex 16.150000 -11.327757 5.550000
      vertex 15.739992 -11.157926 5.550000
      vertex 15.591171 -11.713333 5.550000
    endloop
  endfacet
  facet normal 0.000000 0.000000 1.000000
    outer loop
      vertex 16.150000 -11.327757 5.550000
      vertex 15.591171 -11.713333 5.550000
      vertex 15.862500 -11.825721 5.550000
    endloop
  endfacet
  facet normal -0.000000 0.000000 -1.000000
    outer loop
      vertex 16.150000 -11.327757 5.400000
      vertex 15.591171 -11.713333 5.400000
      vertex 15.739992 -11.157926 5.400000
    endloop
  endfacet
  facet normal 0.000000 0.000000 -1.000000
    outer loop
      vertex 16.150000 -11.327757 5.400000
      vertex 15.862500 -11.825721 5.400000
      vertex 15.591171 -11.713333 5.400000
    endloop
  endfacet
  facet normal 0.130526 0.991445 0.000000
    outer loop
      vertex 15.739992 -11.157926 5.400000
      vertex 15.300000 -11.100000 5.400000
      vertex 15.300000 -11.100000 5.550000
    endloop
  endfacet
  facet normal 0.130526 0.991445 -0.000000
    outer loop
      vertex 15.739992 -11.157926 5.400000
      vertex 15.300000 -11.100000 5.550000
      vertex 15.739992 -11.157926 5.550000
    endloop
  endfacet
  facet normal -0.130526 -0.991445 0.000000
    outer loop
      vertex 15.591171 -11.713333 5.400000
      vertex 15.300000 -11.675000 5.550000
      vertex 15.300000 -11.675000 5.400000
    endloop
  endfacet
  facet normal -0.130526 -0.991445 0.000000
    outer loop
      vertex 15.591171 -11.713333 5.400000
      vertex 15.591171 -11.713333 5.550000
      vertex 15.300000 -11.675000 5.550000
    endloop
  endfacet
  facet normal 0.000000 0.000000 1.000000
    outer loop
      vertex 15.739992 -11.157926 5.550000
      vertex 15.300000 -11.100000 5.550000
      vertex 15.300000 -11.675000 5.550000
    endloop
  endfacet
  facet normal 0.000000 0.000000 1.000000
    outer loop
      vertex 15.739992 -11.157926 5.550000
      vertex 15.300000 -11.675000 5.550000
      vertex 15.591171 -11.713333 5.550000
    endloop
  endfacet
  facet normal -0.000000 0.000000 -1.000000
    outer loop
      vertex 15.739992 -11.157926 5.400000
      vertex 15.300000 -11.675000 5.400000
      vertex 15.300000 -11.100000 5.400000
    endloop
  endfacet
  facet normal 0.000000 0.000000 -1.000000
    outer loop
      vertex 15.739992 -11.157926 5.400000
      vertex 15.591171 -11.713333 5.400000
      vertex 15.300000 -11.675000 5.400000
    endloop
  endfacet
  facet normal -0.130526 0.991445 0.000000
    outer loop
      vertex 15.300000 -11.100000 5.400000
      vertex 14.860008 -11.157926 5.400000
      vertex 14.860008 -11.157926 5.550000
    endloop
  endfacet
  facet normal -0.130526 0.991445 0.000000
    outer loop
      vertex 15.300000 -11.100000 5.400000
      vertex 14.860008 -11.157926 5.550000
      vertex 15.300000 -11.100000 5.550000
    endloop
  endfacet
  facet normal 0.130526 -0.991445 0.000000
    outer loop
      vertex 15.300000 -11.675000 5.400000
      vertex 15.008829 -11.713333 5.550000
      vertex 15.008829 -11.713333 5.400000
    endloop
  endfacet
  facet normal 0.130526 -0.991445 0.000000
    outer loop
      vertex 15.300000 -11.675000 5.400000
      vertex 15.300000 -11.675000 5.550000
      vertex 15.008829 -11.713333 5.550000
    endloop
  endfacet
  facet normal 0.000000 0.000000 1.000000
    outer loop
      vertex 15.300000 -11.100000 5.550000
      vertex 14.860008 -11.157926 5.550000
      vertex 15.008829 -11.713333 5.550000
    endloop
  endfacet
  facet normal 0.000000 0.000000 1.000000
    outer loop
      vertex 15.300000 -11.100000 5.550000
      vertex 15.008829 -11.713333 5.550000
      vertex 15.300000 -11.675000 5.550000
    endloop
  endfacet
  facet normal 0.000000 0.000000 -1.000000
    outer loop
      vertex 15.300000 -11.100000 5.400000
      vertex 15.008829 -11.713333 5.400000
      vertex 14.860008 -11.157926 5.400000
    endloop
  endfacet
  facet normal 0.000000 -0.000000 -1.000000
    outer loop
      vertex 15.300000 -11.100000 5.400000
      vertex 15.300000 -11.675000 5.400000
      vertex 15.008829 -11.713333 5.400000
    endloop
  endfacet
  facet normal -0.382683 0.923880 0.000000
    outer loop
      vertex 14.860008 -11.157926 5.400000
      vertex 14.450000 -11.327757 5.400000
      vertex 14.450000 -11.327757 5.550000
    endloop
  endfacet
  facet normal -0.382683 0.923880 0.000000
    outer loop
      vertex 14.860008 -11.157926 5.400000
      vertex 14.450000 -11.327757 5.550000
      vertex 14.860008 -11.157926 5.550000
    endloop
  endfacet
  facet normal 0.382683 -0.923880 0.000000
    outer loop
      vertex 15.008829 -11.713333 5.400000
      vertex 14.737500 -11.825721 5.550000
      vertex 14.737500 -11.825721 5.400000
    endloop
  endfacet
  facet normal 0.382683 -0.923880 0.000000
    outer loop
      vertex 15.008829 -11.713333 5.400000
      vertex 15.008829 -11.713333 5.550000
      vertex 14.737500 -11.825721 5.550000
    endloop
  endfacet
  facet normal 0.000000 0.000000 1.000000
    outer loop
      vertex 14.860008 -11.157926 5.550000
      vertex 14.450000 -11.327757 5.550000
      vertex 14.737500 -11.825721 5.550000
    endloop
  endfacet
  facet normal 0.000000 0.000000 1.000000
    outer loop
      vertex 14.860008 -11.157926 5.550000
      vertex 14.737500 -11.825721 5.550000
      vertex 15.008829 -11.713333 5.550000
    endloop
  endfacet
  facet normal 0.000000 0.000000 -1.000000
    outer loop
      vertex 14.860008 -11.157926 5.400000
      vertex 14.737500 -11.825721 5.400000
      vertex 14.450000 -11.327757 5.400000
    endloop
  endfacet
  facet normal 0.000000 -0.000000 -1.000000
    outer loop
      vertex 14.860008 -11.157926 5.400000
      vertex 15.008829 -11.713333 5.400000
      vertex 14.737500 -11.825721 5.400000
    endloop
  endfacet
  facet normal -0.608761 0.793353 0.000000
    outer loop
      vertex 14.450000 -11.327757 5.400000
      vertex 14.097918 -11.597918 5.400000
      vertex 14.097918 -11.597918 5.550000
    endloop
  endfacet
  facet normal -0.608761 0.793353 0.000000
    outer loop
      vertex 14.450000 -11.327757 5.400000
      vertex 14.097918 -11.597918 5.550000
      vertex 14.450000 -11.327757 5.550000
    endloop
  endfacet
  facet normal 0.608761 -0.793353 0.000000
    outer loop
      vertex 14.737500 -11.825721 5.400000
      vertex 14.504505 -12.004505 5.550000
      vertex 14.504505 -12.004505 5.400000
    endloop
  endfacet
  facet normal 0.608761 -0.793353 0.000000
    outer loop
      vertex 14.737500 -11.825721 5.400000
      vertex 14.737500 -11.825721 5.550000
      vertex 14.504505 -12.004505 5.550000
    endloop
  endfacet
  facet normal 0.000000 0.000000 1.000000
    outer loop
      vertex 14.450000 -11.327757 5.550000
      vertex 14.097918 -11.597918 5.550000
      vertex 14.504505 -12.004505 5.550000
    endloop
  endfacet
  facet normal 0.000000 0.000000 1.000000
    outer loop
      vertex 14.450000 -11.327757 5.550000
      vertex 14.504505 -12.004505 5.550000
      vertex 14.737500 -11.825721 5.550000
    endloop
  endfacet
  facet normal 0.000000 -0.000000 -1.000000
    outer loop
      vertex 14.450000 -11.327757 5.400000
      vertex 14.504505 -12.004505 5.400000
      vertex 14.097918 -11.597918 5.400000
    endloop
  endfacet
  facet normal 0.000000 0.000000 -1.000000
    outer loop
      vertex 14.450000 -11.327757 5.400000
      vertex 14.737500 -11.825721 5.400000
      vertex 14.504505 -12.004505 5.400000
    endloop
  endfacet
  facet normal -0.793353 0.608761 0.000000
    outer loop
      vertex 14.097918 -11.597918 5.400000
      vertex 13.827757 -11.950000 5.400000
      vertex 13.827757 -11.950000 5.550000
    endloop
  endfacet
  facet normal -0.793353 0.608761 0.000000
    outer loop
      vertex 14.097918 -11.597918 5.400000
      vertex 13.827757 -11.950000 5.550000
      vertex 14.097918 -11.597918 5.550000
    endloop
  endfacet
  facet normal 0.793353 -0.608761 0.000000
    outer loop
      vertex 14.504505 -12.004505 5.400000
      vertex 14.325721 -12.237500 5.550000
      vertex 14.325721 -12.237500 5.400000
    endloop
  endfacet
  facet normal 0.793353 -0.608761 0.000000
    outer loop
      vertex 14.504505 -12.004505 5.400000
      vertex 14.504505 -12.004505 5.550000
      vertex 14.325721 -12.237500 5.550000
    endloop
  endfacet
  facet normal 0.000000 0.000000 1.000000
    outer loop
      vertex 14.097918 -11.597918 5.550000
      vertex 13.827757 -11.950000 5.550000
      vertex 14.325721 -12.237500 5.550000
    endloop
  endfacet
  facet normal 0.000000 0.000000 1.000000
    outer loop
      vertex 14.097918 -11.597918 5.550000
      vertex 14.325721 -12.237500 5.550000
      vertex 14.504505 -12.004505 5.550000
    endloop
  endfacet
  facet normal 0.000000 -0.000000 -1.000000
    outer loop
      vertex 14.097918 -11.597918 5.400000
      vertex 14.325721 -12.237500 5.400000
      vertex 13.827757 -11.950000 5.400000
    endloop
  endfacet
  facet normal 0.000000 0.000000 -1.000000
    outer loop
      vertex 14.097918 -11.597918 5.400000
      vertex 14.504505 -12.004505 5.400000
      vertex 14.325721 -12.237500 5.400000
    endloop
  endfacet
  facet normal -0.923880 0.382683 0.000000
    outer loop
      vertex 13.827757 -11.950000 5.400000
      vertex 13.657926 -12.360008 5.400000
      vertex 13.657926 -12.360008 5.550000
    endloop
  endfacet
  facet normal -0.923880 0.382683 0.000000
    outer loop
      vertex 13.827757 -11.950000 5.400000
      vertex 13.657926 -12.360008 5.550000
      vertex 13.827757 -11.950000 5.550000
    endloop
  endfacet
  facet normal 0.923880 -0.382683 0.000000
    outer loop
      vertex 14.325721 -12.237500 5.400000
      vertex 14.213333 -12.508829 5.550000
      vertex 14.213333 -12.508829 5.400000
    endloop
  endfacet
  facet normal 0.923880 -0.382683 0.000000
    outer loop
      vertex 14.325721 -12.237500 5.400000
      vertex 14.325721 -12.237500 5.550000
      vertex 14.213333 -12.508829 5.550000
    endloop
  endfacet
  facet normal 0.000000 0.000000 1.000000
    outer loop
      vertex 13.827757 -11.950000 5.550000
      vertex 13.657926 -12.360008 5.550000
      vertex 14.213333 -12.508829 5.550000
    endloop
  endfacet
  facet normal 0.000000 0.000000 1.000000
    outer loop
      vertex 13.827757 -11.950000 5.550000
      vertex 14.213333 -12.508829 5.550000
      vertex 14.325721 -12.237500 5.550000
    endloop
  endfacet
  facet normal 0.000000 -0.000000 -1.000000
    outer loop
      vertex 13.827757 -11.950000 5.400000
      vertex 14.213333 -12.508829 5.400000
      vertex 13.657926 -12.360008 5.400000
    endloop
  endfacet
  facet normal 0.000000 0.000000 -1.000000
    outer loop
      vertex 13.827757 -11.950000 5.400000
      vertex 14.325721 -12.237500 5.400000
      vertex 14.213333 -12.508829 5.400000
    endloop
  endfacet
  facet normal -0.991445 0.130526 0.000000
    outer loop
      vertex 13.657926 -12.360008 5.400000
      vertex 13.600000 -12.800000 5.400000
      vertex 13.600000 -12.800000 5.550000
    endloop
  endfacet
  facet normal -0.991445 0.130526 0.000000
    outer loop
      vertex 13.657926 -12.360008 5.400000
      vertex 13.600000 -12.800000 5.550000
      vertex 13.657926 -12.360008 5.550000
    endloop
  endfacet
  facet normal 0.991445 -0.130526 0.000000
    outer loop
      vertex 14.213333 -12.508829 5.400000
      vertex 14.175000 -12.800000 5.550000
      vertex 14.175000 -12.800000 5.400000
    endloop
  endfacet
  facet normal 0.991445 -0.130526 0.000000
    outer loop
      vertex 14.213333 -12.508829 5.400000
      vertex 14.213333 -12.508829 5.550000
      vertex 14.175000 -12.800000 5.550000
    endloop
  endfacet
  facet normal 0.000000 0.000000 1.000000
    outer loop
      vertex 13.657926 -12.360008 5.550000
      vertex 13.600000 -12.800000 5.550000
      vertex 14.175000 -12.800000 5.550000
    endloop
  endfacet
  facet normal 0.000000 0.000000 1.000000
    outer loop
      vertex 13.657926 -12.360008 5.550000
      vertex 14.175000 -12.800000 5.550000
      vertex 14.213333 -12.508829 5.550000
    endloop
  endfacet
  facet normal 0.000000 -0.000000 -1.000000
    outer loop
      vertex 13.657926 -12.360008 5.400000
      vertex 14.175000 -12.800000 5.400000
      vertex 13.600000 -12.800000 5.400000
    endloop
  endfacet
  facet normal 0.000000 0.000000 -1.000000
    outer loop
      vertex 13.657926 -12.360008 5.400000
      vertex 14.213333 -12.508829 5.400000
      vertex 14.175000 -12.800000 5.400000
    endloop
  endfacet
  facet normal -0.991445 -0.130526 0.000000
    outer loop
      vertex 13.600000 -12.800000 5.400000
      vertex 13.657926 -13.239992 5.400000
      vertex 13.657926 -13.239992 5.550000
    endloop
  endfacet
  facet normal -0.991445 -0.130526 0.000000
    outer loop
      vertex 13.600000 -12.800000 5.400000
      vertex 13.657926 -13.239992 5.550000
      vertex 13.600000 -12.800000 5.550000
    endloop
  endfacet
  facet normal 0.991445 0.130526 0.000000
    outer loop
      vertex 14.175000 -12.800000 5.400000
      vertex 14.213333 -13.091171 5.550000
      vertex 14.213333 -13.091171 5.400000
    endloop
  endfacet
  facet normal 0.991445 0.130526 -0.000000
    outer loop
      vertex 14.175000 -12.800000 5.400000
      vertex 14.175000 -12.800000 5.550000
      vertex 14.213333 -13.091171 5.550000
    endloop
  endfacet
  facet normal 0.000000 0.000000 1.000000
    outer loop
      vertex 13.600000 -12.800000 5.550000
      vertex 13.657926 -13.239992 5.550000
      vertex 14.213333 -13.091171 5.550000
    endloop
  endfacet
  facet normal -0.000000 0.000000 1.000000
    outer loop
      vertex 13.600000 -12.800000 5.550000
      vertex 14.213333 -13.091171 5.550000
      vertex 14.175000 -12.800000 5.550000
    endloop
  endfacet
  facet normal 0.000000 0.000000 -1.000000
    outer loop
      vertex 13.600000 -12.800000 5.400000
      vertex 14.213333 -13.091171 5.400000
      vertex 13.657926 -13.239992 5.400000
    endloop
  endfacet
  facet normal 0.000000 0.000000 -1.000000
    outer loop
      vertex 13.600000 -12.800000 5.400000
      vertex 14.175000 -12.800000 5.400000
      vertex 14.213333 -13.091171 5.400000
    endloop
  endfacet
  facet normal -0.923880 -0.382683 0.000000
    outer loop
      vertex 13.657926 -13.239992 5.400000
      vertex 13.827757 -13.650000 5.400000
      vertex 13.827757 -13.650000 5.550000
    endloop
  endfacet
  facet normal -0.923880 -0.382683 0.000000
    outer loop
      vertex 13.657926 -13.239992 5.400000
      vertex 13.827757 -13.650000 5.550000
      vertex 13.657926 -13.239992 5.550000
    endloop
  endfacet
  facet normal 0.923880 0.382683 0.000000
    outer loop
      vertex 14.213333 -13.091171 5.400000
      vertex 14.325721 -13.362500 5.550000
      vertex 14.325721 -13.362500 5.400000
    endloop
  endfacet
  facet normal 0.923880 0.382683 -0.000000
    outer loop
      vertex 14.213333 -13.091171 5.400000
      vertex 14.213333 -13.091171 5.550000
      vertex 14.325721 -13.362500 5.550000
    endloop
  endfacet
  facet normal 0.000000 0.000000 1.000000
    outer loop
      vertex 13.657926 -13.239992 5.550000
      vertex 13.827757 -13.650000 5.550000
      vertex 14.325721 -13.362500 5.550000
    endloop
  endfacet
  facet normal -0.000000 0.000000 1.000000
    outer loop
      vertex 13.657926 -13.239992 5.550000
      vertex 14.325721 -13.362500 5.550000
      vertex 14.213333 -13.091171 5.550000
    endloop
  endfacet
  facet normal 0.000000 0.000000 -1.000000
    outer loop
      vertex 13.657926 -13.239992 5.400000
      vertex 14.325721 -13.362500 5.400000
      vertex 13.827757 -13.650000 5.400000
    endloop
  endfacet
  facet normal 0.000000 0.000000 -1.000000
    outer loop
      vertex 13.657926 -13.239992 5.400000
      vertex 14.213333 -13.091171 5.400000
      vertex 14.325721 -13.362500 5.400000
    endloop
  endfacet
  facet normal -0.793353 -0.608761 0.000000
    outer loop
      vertex 13.827757 -13.650000 5.400000
      vertex 14.097918 -14.002082 5.400000
      vertex 14.097918 -14.002082 5.550000
    endloop
  endfacet
  facet normal -0.793353 -0.608761 0.000000
    outer loop
      vertex 13.827757 -13.650000 5.400000
      vertex 14.097918 -14.002082 5.550000
      vertex 13.827757 -13.650000 5.550000
    endloop
  endfacet
  facet normal 0.793353 0.608761 0.000000
    outer loop
      vertex 14.325721 -13.362500 5.400000
      vertex 14.504505 -13.595495 5.550000
      vertex 14.504505 -13.595495 5.400000
    endloop
  endfacet
  facet normal 0.793353 0.608761 -0.000000
    outer loop
      vertex 14.325721 -13.362500 5.400000
      vertex 14.325721 -13.362500 5.550000
      vertex 14.504505 -13.595495 5.550000
    endloop
  endfacet
  facet normal -0.000000 0.000000 1.000000
    outer loop
      vertex 13.827757 -13.650000 5.550000
      vertex 14.097918 -14.002082 5.550000
      vertex 14.504505 -13.595495 5.550000
    endloop
  endfacet
  facet normal 0.000000 0.000000 1.000000
    outer loop
      vertex 13.827757 -13.650000 5.550000
      vertex 14.504505 -13.595495 5.550000
      vertex 14.325721 -13.362500 5.550000
    endloop
  endfacet
  facet normal 0.000000 0.000000 -1.000000
    outer loop
      vertex 13.827757 -13.650000 5.400000
      vertex 14.504505 -13.595495 5.400000
      vertex 14.097918 -14.002082 5.400000
    endloop
  endfacet
  facet normal 0.000000 0.000000 -1.000000
    outer loop
      vertex 13.827757 -13.650000 5.400000
      vertex 14.325721 -13.362500 5.400000
      vertex 14.504505 -13.595495 5.400000
    endloop
  endfacet
  facet normal -0.608761 -0.793353 0.000000
    outer loop
      vertex 14.097918 -14.002082 5.400000
      vertex 14.450000 -14.272243 5.400000
      vertex 14.450000 -14.272243 5.550000
    endloop
  endfacet
  facet normal -0.608761 -0.793353 0.000000
    outer loop
      vertex 14.097918 -14.002082 5.400000
      vertex 14.450000 -14.272243 5.550000
      vertex 14.097918 -14.002082 5.550000
    endloop
  endfacet
  facet normal 0.608761 0.793353 0.000000
    outer loop
      vertex 14.504505 -13.595495 5.400000
      vertex 14.737500 -13.774279 5.550000
      vertex 14.737500 -13.774279 5.400000
    endloop
  endfacet
  facet normal 0.608761 0.793353 -0.000000
    outer loop
      vertex 14.504505 -13.595495 5.400000
      vertex 14.504505 -13.595495 5.550000
      vertex 14.737500 -13.774279 5.550000
    endloop
  endfacet
  facet normal -0.000000 0.000000 1.000000
    outer loop
      vertex 14.097918 -14.002082 5.550000
      vertex 14.450000 -14.272243 5.550000
      vertex 14.737500 -13.774279 5.550000
    endloop
  endfacet
  facet normal 0.000000 0.000000 1.000000
    outer loop
      vertex 14.097918 -14.002082 5.550000
      vertex 14.737500 -13.774279 5.550000
      vertex 14.504505 -13.595495 5.550000
    endloop
  endfacet
  facet normal 0.000000 0.000000 -1.000000
    outer loop
      vertex 14.097918 -14.002082 5.400000
      vertex 14.737500 -13.774279 5.400000
      vertex 14.450000 -14.272243 5.400000
    endloop
  endfacet
  facet normal 0.000000 0.000000 -1.000000
    outer loop
      vertex 14.097918 -14.002082 5.400000
      vertex 14.504505 -13.595495 5.400000
      vertex 14.737500 -13.774279 5.400000
    endloop
  endfacet
  facet normal -0.382683 -0.923880 0.000000
    outer loop
      vertex 14.450000 -14.272243 5.400000
      vertex 14.860008 -14.442074 5.400000
      vertex 14.860008 -14.442074 5.550000
    endloop
  endfacet
  facet normal -0.382683 -0.923880 0.000000
    outer loop
      vertex 14.450000 -14.272243 5.400000
      vertex 14.860008 -14.442074 5.550000
      vertex 14.450000 -14.272243 5.550000
    endloop
  endfacet
  facet normal 0.382683 0.923880 0.000000
    outer loop
      vertex 14.737500 -13.774279 5.400000
      vertex 15.008829 -13.886667 5.550000
      vertex 15.008829 -13.886667 5.400000
    endloop
  endfacet
  facet normal 0.382683 0.923880 -0.000000
    outer loop
      vertex 14.737500 -13.774279 5.400000
      vertex 14.737500 -13.774279 5.550000
      vertex 15.008829 -13.886667 5.550000
    endloop
  endfacet
  facet normal -0.000000 0.000000 1.000000
    outer loop
      vertex 14.450000 -14.272243 5.550000
      vertex 14.860008 -14.442074 5.550000
      vertex 15.008829 -13.886667 5.550000
    endloop
  endfacet
  facet normal 0.000000 0.000000 1.000000
    outer loop
      vertex 14.450000 -14.272243 5.550000
      vertex 15.008829 -13.886667 5.550000
      vertex 14.737500 -13.774279 5.550000
    endloop
  endfacet
  facet normal 0.000000 0.000000 -1.000000
    outer loop
      vertex 14.450000 -14.272243 5.400000
      vertex 15.008829 -13.886667 5.400000
      vertex 14.860008 -14.442074 5.400000
    endloop
  endfacet
  facet normal 0.000000 0.000000 -1.000000
    outer loop
      vertex 14.450000 -14.272243 5.400000
      vertex 14.737500 -13.774279 5.400000
      vertex 15.008829 -13.886667 5.400000
    endloop
  endfacet
  facet normal -0.130526 -0.991445 0.000000
    outer loop
      vertex 14.860008 -14.442074 5.400000
      vertex 15.300000 -14.500000 5.400000
      vertex 15.300000 -14.500000 5.550000
    endloop
  endfacet
  facet normal -0.130526 -0.991445 0.000000
    outer loop
      vertex 14.860008 -14.442074 5.400000
      vertex 15.300000 -14.500000 5.550000
      vertex 14.860008 -14.442074 5.550000
    endloop
  endfacet
  facet normal 0.130526 0.991445 0.000000
    outer loop
      vertex 15.008829 -13.886667 5.400000
      vertex 15.300000 -13.925000 5.550000
      vertex 15.300000 -13.925000 5.400000
    endloop
  endfacet
  facet normal 0.130526 0.991445 -0.000000
    outer loop
      vertex 15.008829 -13.886667 5.400000
      vertex 15.008829 -13.886667 5.550000
      vertex 15.300000 -13.925000 5.550000
    endloop
  endfacet
  facet normal -0.000000 0.000000 1.000000
    outer loop
      vertex 14.860008 -14.442074 5.550000
      vertex 15.300000 -14.500000 5.550000
      vertex 15.300000 -13.925000 5.550000
    endloop
  endfacet
  facet normal 0.000000 0.000000 1.000000
    outer loop
      vertex 14.860008 -14.442074 5.550000
      vertex 15.300000 -13.925000 5.550000
      vertex 15.008829 -13.886667 5.550000
    endloop
  endfacet
  facet normal 0.000000 0.000000 -1.000000
    outer loop
      vertex 14.860008 -14.442074 5.400000
      vertex 15.300000 -13.925000 5.400000
      vertex 15.300000 -14.500000 5.400000
    endloop
  endfacet
  facet normal 0.000000 0.000000 -1.000000
    outer loop
      vertex 14.860008 -14.442074 5.400000
      vertex 15.008829 -13.886667 5.400000
      vertex 15.300000 -13.925000 5.400000
    endloop
  endfacet
  facet normal 0.130526 -0.991445 0.000000
    outer loop
      vertex 15.300000 -14.500000 5.400000
      vertex 15.739992 -14.442074 5.400000
      vertex 15.739992 -14.442074 5.550000
    endloop
  endfacet
  facet normal 0.130526 -0.991445 0.000000
    outer loop
      vertex 15.300000 -14.500000 5.400000
      vertex 15.739992 -14.442074 5.550000
      vertex 15.300000 -14.500000 5.550000
    endloop
  endfacet
  facet normal -0.130526 0.991445 0.000000
    outer loop
      vertex 15.300000 -13.925000 5.400000
      vertex 15.591171 -13.886667 5.550000
      vertex 15.591171 -13.886667 5.400000
    endloop
  endfacet
  facet normal -0.130526 0.991445 0.000000
    outer loop
      vertex 15.300000 -13.925000 5.400000
      vertex 15.300000 -13.925000 5.550000
      vertex 15.591171 -13.886667 5.550000
    endloop
  endfacet
  facet normal 0.000000 0.000000 1.000000
    outer loop
      vertex 15.300000 -14.500000 5.550000
      vertex 15.739992 -14.442074 5.550000
      vertex 15.591171 -13.886667 5.550000
    endloop
  endfacet
  facet normal 0.000000 0.000000 1.000000
    outer loop
      vertex 15.300000 -14.500000 5.550000
      vertex 15.591171 -13.886667 5.550000
      vertex 15.300000 -13.925000 5.550000
    endloop
  endfacet
  facet normal 0.000000 0.000000 -1.000000
    outer loop
      vertex 15.300000 -14.500000 5.400000
      vertex 15.591171 -13.886667 5.400000
      vertex 15.739992 -14.442074 5.400000
    endloop
  endfacet
  facet normal 0.000000 0.000000 -1.000000
    outer loop
      vertex 15.300000 -14.500000 5.400000
      vertex 15.300000 -13.925000 5.400000
      vertex 15.591171 -13.886667 5.400000
    endloop
  endfacet
  facet normal 0.382683 -0.923880 0.000000
    outer loop
      vertex 15.739992 -14.442074 5.400000
      vertex 16.150000 -14.272243 5.400000
      vertex 16.150000 -14.272243 5.550000
    endloop
  endfacet
  facet normal 0.382683 -0.923880 0.000000
    outer loop
      vertex 15.739992 -14.442074 5.400000
      vertex 16.150000 -14.272243 5.550000
      vertex 15.739992 -14.442074 5.550000
    endloop
  endfacet
  facet normal -0.382683 0.923880 0.000000
    outer loop
      vertex 15.591171 -13.886667 5.400000
      vertex 15.862500 -13.774279 5.550000
      vertex 15.862500 -13.774279 5.400000
    endloop
  endfacet
  facet normal -0.382683 0.923880 0.000000
    outer loop
      vertex 15.591171 -13.886667 5.400000
      vertex 15.591171 -13.886667 5.550000
      vertex 15.862500 -13.774279 5.550000
    endloop
  endfacet
  facet normal 0.000000 0.000000 1.000000
    outer loop
      vertex 15.739992 -14.442074 5.550000
      vertex 16.150000 -14.272243 5.550000
      vertex 15.862500 -13.774279 5.550000
    endloop
  endfacet
  facet normal 0.000000 -0.000000 1.000000
    outer loop
      vertex 15.739992 -14.442074 5.550000
      vertex 15.862500 -13.774279 5.550000
      vertex 15.591171 -13.886667 5.550000
    endloop
  endfacet
  facet normal 0.000000 0.000000 -1.000000
    outer loop
      vertex 15.739992 -14.442074 5.400000
      vertex 15.862500 -13.774279 5.400000
      vertex 16.150000 -14.272243 5.400000
    endloop
  endfacet
  facet normal 0.000000 0.000000 -1.000000
    outer loop
      vertex 15.739992 -14.442074 5.400000
      vertex 15.591171 -13.886667 5.400000
      vertex 15.862500 -13.774279 5.400000
    endloop
  endfacet
  facet normal 0.608761 -0.793353 0.000000
    outer loop
      vertex 16.150000 -14.272243 5.400000
      vertex 16.502082 -14.002082 5.400000
      vertex 16.502082 -14.002082 5.550000
    endloop
  endfacet
  facet normal 0.608761 -0.793353 0.000000
    outer loop
      vertex 16.150000 -14.272243 5.400000
      vertex 16.502082 -14.002082 5.550000
      vertex 16.150000 -14.272243 5.550000
    endloop
  endfacet
  facet normal -0.608761 0.793353 0.000000
    outer loop
      vertex 15.862500 -13.774279 5.400000
      vertex 16.095495 -13.595495 5.550000
      vertex 16.095495 -13.595495 5.400000
    endloop
  endfacet
  facet normal -0.608761 0.793353 0.000000
    outer loop
      vertex 15.862500 -13.774279 5.400000
      vertex 15.862500 -13.774279 5.550000
      vertex 16.095495 -13.595495 5.550000
    endloop
  endfacet
  facet normal 0.000000 -0.000000 1.000000
    outer loop
      vertex 16.150000 -14.272243 5.550000
      vertex 16.502082 -14.002082 5.550000
      vertex 16.095495 -13.595495 5.550000
    endloop
  endfacet
  facet normal 0.000000 0.000000 1.000000
    outer loop
      vertex 16.150000 -14.272243 5.550000
      vertex 16.095495 -13.595495 5.550000
      vertex 15.862500 -13.774279 5.550000
    endloop
  endfacet
  facet normal 0.000000 0.000000 -1.000000
    outer loop
      vertex 16.150000 -14.272243 5.400000
      vertex 16.095495 -13.595495 5.400000
      vertex 16.502082 -14.002082 5.400000
    endloop
  endfacet
  facet normal 0.000000 0.000000 -1.000000
    outer loop
      vertex 16.150000 -14.272243 5.400000
      vertex 15.862500 -13.774279 5.400000
      vertex 16.095495 -13.595495 5.400000
    endloop
  endfacet
  facet normal 0.793353 -0.608761 0.000000
    outer loop
      vertex 16.502082 -14.002082 5.400000
      vertex 16.772243 -13.650000 5.400000
      vertex 16.772243 -13.650000 5.550000
    endloop
  endfacet
  facet normal 0.793353 -0.608761 0.000000
    outer loop
      vertex 16.502082 -14.002082 5.400000
      vertex 16.772243 -13.650000 5.550000
      vertex 16.502082 -14.002082 5.550000
    endloop
  endfacet
  facet normal -0.793353 0.608761 0.000000
    outer loop
      vertex 16.095495 -13.595495 5.400000
      vertex 16.274279 -13.362500 5.550000
      vertex 16.274279 -13.362500 5.400000
    endloop
  endfacet
  facet normal -0.793353 0.608761 0.000000
    outer loop
      vertex 16.095495 -13.595495 5.400000
      vertex 16.095495 -13.595495 5.550000
      vertex 16.274279 -13.362500 5.550000
    endloop
  endfacet
  facet normal 0.000000 -0.000000 1.000000
    outer loop
      vertex 16.502082 -14.002082 5.550000
      vertex 16.772243 -13.650000 5.550000
      vertex 16.274279 -13.362500 5.550000
    endloop
  endfacet
  facet normal 0.000000 0.000000 1.000000
    outer loop
      vertex 16.502082 -14.002082 5.550000
      vertex 16.274279 -13.362500 5.550000
      vertex 16.095495 -13.595495 5.550000
    endloop
  endfacet
  facet normal 0.000000 0.000000 -1.000000
    outer loop
      vertex 16.502082 -14.002082 5.400000
      vertex 16.274279 -13.362500 5.400000
      vertex 16.772243 -13.650000 5.400000
    endloop
  endfacet
  facet normal 0.000000 0.000000 -1.000000
    outer loop
      vertex 16.502082 -14.002082 5.400000
      vertex 16.095495 -13.595495 5.400000
      vertex 16.274279 -13.362500 5.400000
    endloop
  endfacet
  facet normal 0.923880 -0.382683 0.000000
    outer loop
      vertex 16.772243 -13.650000 5.400000
      vertex 16.942074 -13.239992 5.400000
      vertex 16.942074 -13.239992 5.550000
    endloop
  endfacet
  facet normal 0.923880 -0.382683 0.000000
    outer loop
      vertex 16.772243 -13.650000 5.400000
      vertex 16.942074 -13.239992 5.550000
      vertex 16.772243 -13.650000 5.550000
    endloop
  endfacet
  facet normal -0.923880 0.382683 0.000000
    outer loop
      vertex 16.274279 -13.362500 5.400000
      vertex 16.386667 -13.091171 5.550000
      vertex 16.386667 -13.091171 5.400000
    endloop
  endfacet
  facet normal -0.923880 0.382683 0.000000
    outer loop
      vertex 16.274279 -13.362500 5.400000
      vertex 16.274279 -13.362500 5.550000
      vertex 16.386667 -13.091171 5.550000
    endloop
  endfacet
  facet normal 0.000000 -0.000000 1.000000
    outer loop
      vertex 16.772243 -13.650000 5.550000
      vertex 16.942074 -13.239992 5.550000
      vertex 16.386667 -13.091171 5.550000
    endloop
  endfacet
  facet normal 0.000000 0.000000 1.000000
    outer loop
      vertex 16.772243 -13.650000 5.550000
      vertex 16.386667 -13.091171 5.550000
      vertex 16.274279 -13.362500 5.550000
    endloop
  endfacet
  facet normal 0.000000 0.000000 -1.000000
    outer loop
      vertex 16.772243 -13.650000 5.400000
      vertex 16.386667 -13.091171 5.400000
      vertex 16.942074 -13.239992 5.400000
    endloop
  endfacet
  facet normal 0.000000 0.000000 -1.000000
    outer loop
      vertex 16.772243 -13.650000 5.400000
      vertex 16.274279 -13.362500 5.400000
      vertex 16.386667 -13.091171 5.400000
    endloop
  endfacet
  facet normal 0.991445 -0.130526 0.000000
    outer loop
      vertex 16.942074 -13.239992 5.400000
      vertex 17.000000 -12.800000 5.400000
      vertex 17.000000 -12.800000 5.550000
    endloop
  endfacet
  facet normal 0.991445 -0.130526 0.000000
    outer loop
      vertex 16.942074 -13.239992 5.400000
      vertex 17.000000 -12.800000 5.550000
      vertex 16.942074 -13.239992 5.550000
    endloop
  endfacet
  facet normal -0.991445 0.130526 0.000000
    outer loop
      vertex 16.386667 -13.091171 5.400000
      vertex 16.425000 -12.800000 5.550000
      vertex 16.425000 -12.800000 5.400000
    endloop
  endfacet
  facet normal -0.991445 0.130526 0.000000
    outer loop
      vertex 16.386667 -13.091171 5.400000
      vertex 16.386667 -13.091171 5.550000
      vertex 16.425000 -12.800000 5.550000
    endloop
  endfacet
  facet normal 0.000000 -0.000000 1.000000
    outer loop
      vertex 16.942074 -13.239992 5.550000
      vertex 17.000000 -12.800000 5.550000
      vertex 16.425000 -12.800000 5.550000
    endloop
  endfacet
  facet normal 0.000000 0.000000 1.000000
    outer loop
      vertex 16.942074 -13.239992 5.550000
      vertex 16.425000 -12.800000 5.550000
      vertex 16.386667 -13.091171 5.550000
    endloop
  endfacet
  facet normal 0.000000 0.000000 -1.000000
    outer loop
      vertex 16.942074 -13.239992 5.400000
      vertex 16.425000 -12.800000 5.400000
      vertex 17.000000 -12.800000 5.400000
    endloop
  endfacet
  facet normal 0.000000 0.000000 -1.000000
    outer loop
      vertex 16.942074 -13.239992 5.400000
      vertex 16.386667 -13.091171 5.400000
      vertex 16.425000 -12.800000 5.400000
    endloop
  endfacet
  facet normal 0.991445 0.130526 0.000000
    outer loop
      vertex 17.000000 12.800000 5.400000
      vertex 16.942074 13.239992 5.400000
      vertex 16.942074 13.239992 5.550000
    endloop
  endfacet
  facet normal 0.991445 0.130526 -0.000000
    outer loop
      vertex 17.000000 12.800000 5.400000
      vertex 16.942074 13.239992 5.550000
      vertex 17.000000 12.800000 5.550000
    endloop
  endfacet
  facet normal -0.991445 -0.130526 0.000000
    outer loop
      vertex 16.425000 12.800000 5.400000
      vertex 16.386667 13.091171 5.550000
      vertex 16.386667 13.091171 5.400000
    endloop
  endfacet
  facet normal -0.991445 -0.130526 0.000000
    outer loop
      vertex 16.425000 12.800000 5.400000
      vertex 16.425000 12.800000 5.550000
      vertex 16.386667 13.091171 5.550000
    endloop
  endfacet
  facet normal 0.000000 0.000000 1.000000
    outer loop
      vertex 17.000000 12.800000 5.550000
      vertex 16.942074 13.239992 5.550000
      vertex 16.386667 13.091171 5.550000
    endloop
  endfacet
  facet normal 0.000000 0.000000 1.000000
    outer loop
      vertex 17.000000 12.800000 5.550000
      vertex 16.386667 13.091171 5.550000
      vertex 16.425000 12.800000 5.550000
    endloop
  endfacet
  facet normal 0.000000 0.000000 -1.000000
    outer loop
      vertex 17.000000 12.800000 5.400000
      vertex 16.386667 13.091171 5.400000
      vertex 16.942074 13.239992 5.400000
    endloop
  endfacet
  facet normal 0.000000 0.000000 -1.000000
    outer loop
      vertex 17.000000 12.800000 5.400000
      vertex 16.425000 12.800000 5.400000
      vertex 16.386667 13.091171 5.400000
    endloop
  endfacet
  facet normal 0.923880 0.382683 0.000000
    outer loop
      vertex 16.942074 13.239992 5.400000
      vertex 16.772243 13.650000 5.400000
      vertex 16.772243 13.650000 5.550000
    endloop
  endfacet
  facet normal 0.923880 0.382683 -0.000000
    outer loop
      vertex 16.942074 13.239992 5.400000
      vertex 16.772243 13.650000 5.550000
      vertex 16.942074 13.239992 5.550000
    endloop
  endfacet
  facet normal -0.923880 -0.382683 0.000000
    outer loop
      vertex 16.386667 13.091171 5.400000
      vertex 16.274279 13.362500 5.550000
      vertex 16.274279 13.362500 5.400000
    endloop
  endfacet
  facet normal -0.923880 -0.382683 0.000000
    outer loop
      vertex 16.386667 13.091171 5.400000
      vertex 16.386667 13.091171 5.550000
      vertex 16.274279 13.362500 5.550000
    endloop
  endfacet
  facet normal 0.000000 0.000000 1.000000
    outer loop
      vertex 16.942074 13.239992 5.550000
      vertex 16.772243 13.650000 5.550000
      vertex 16.274279 13.362500 5.550000
    endloop
  endfacet
  facet normal 0.000000 0.000000 1.000000
    outer loop
      vertex 16.942074 13.239992 5.550000
      vertex 16.274279 13.362500 5.550000
      vertex 16.386667 13.091171 5.550000
    endloop
  endfacet
  facet normal 0.000000 0.000000 -1.000000
    outer loop
      vertex 16.942074 13.239992 5.400000
      vertex 16.274279 13.362500 5.400000
      vertex 16.772243 13.650000 5.400000
    endloop
  endfacet
  facet normal -0.000000 0.000000 -1.000000
    outer loop
      vertex 16.942074 13.239992 5.400000
      vertex 16.386667 13.091171 5.400000
      vertex 16.274279 13.362500 5.400000
    endloop
  endfacet
  facet normal 0.793353 0.608761 0.000000
    outer loop
      vertex 16.772243 13.650000 5.400000
      vertex 16.502082 14.002082 5.400000
      vertex 16.502082 14.002082 5.550000
    endloop
  endfacet
  facet normal 0.793353 0.608761 -0.000000
    outer loop
      vertex 16.772243 13.650000 5.400000
      vertex 16.502082 14.002082 5.550000
      vertex 16.772243 13.650000 5.550000
    endloop
  endfacet
  facet normal -0.793353 -0.608761 0.000000
    outer loop
      vertex 16.274279 13.362500 5.400000
      vertex 16.095495 13.595495 5.550000
      vertex 16.095495 13.595495 5.400000
    endloop
  endfacet
  facet normal -0.793353 -0.608761 0.000000
    outer loop
      vertex 16.274279 13.362500 5.400000
      vertex 16.274279 13.362500 5.550000
      vertex 16.095495 13.595495 5.550000
    endloop
  endfacet
  facet normal 0.000000 0.000000 1.000000
    outer loop
      vertex 16.772243 13.650000 5.550000
      vertex 16.502082 14.002082 5.550000
      vertex 16.095495 13.595495 5.550000
    endloop
  endfacet
  facet normal 0.000000 0.000000 1.000000
    outer loop
      vertex 16.772243 13.650000 5.550000
      vertex 16.095495 13.595495 5.550000
      vertex 16.274279 13.362500 5.550000
    endloop
  endfacet
  facet normal -0.000000 0.000000 -1.000000
    outer loop
      vertex 16.772243 13.650000 5.400000
      vertex 16.095495 13.595495 5.400000
      vertex 16.502082 14.002082 5.400000
    endloop
  endfacet
  facet normal 0.000000 0.000000 -1.000000
    outer loop
      vertex 16.772243 13.650000 5.400000
      vertex 16.274279 13.362500 5.400000
      vertex 16.095495 13.595495 5.400000
    endloop
  endfacet
  facet normal 0.608761 0.793353 0.000000
    outer loop
      vertex 16.502082 14.002082 5.400000
      vertex 16.150000 14.272243 5.400000
      vertex 16.150000 14.272243 5.550000
    endloop
  endfacet
  facet normal 0.608761 0.793353 -0.000000
    outer loop
      vertex 16.502082 14.002082 5.400000
      vertex 16.150000 14.272243 5.550000
      vertex 16.502082 14.002082 5.550000
    endloop
  endfacet
  facet normal -0.608761 -0.793353 0.000000
    outer loop
      vertex 16.095495 13.595495 5.400000
      vertex 15.862500 13.774279 5.550000
      vertex 15.862500 13.774279 5.400000
    endloop
  endfacet
  facet normal -0.608761 -0.793353 0.000000
    outer loop
      vertex 16.095495 13.595495 5.400000
      vertex 16.095495 13.595495 5.550000
      vertex 15.862500 13.774279 5.550000
    endloop
  endfacet
  facet normal 0.000000 0.000000 1.000000
    outer loop
      vertex 16.502082 14.002082 5.550000
      vertex 16.150000 14.272243 5.550000
      vertex 15.862500 13.774279 5.550000
    endloop
  endfacet
  facet normal 0.000000 0.000000 1.000000
    outer loop
      vertex 16.502082 14.002082 5.550000
      vertex 15.862500 13.774279 5.550000
      vertex 16.095495 13.595495 5.550000
    endloop
  endfacet
  facet normal -0.000000 0.000000 -1.000000
    outer loop
      vertex 16.502082 14.002082 5.400000
      vertex 15.862500 13.774279 5.400000
      vertex 16.150000 14.272243 5.400000
    endloop
  endfacet
  facet normal 0.000000 0.000000 -1.000000
    outer loop
      vertex 16.502082 14.002082 5.400000
      vertex 16.095495 13.595495 5.400000
      vertex 15.862500 13.774279 5.400000
    endloop
  endfacet
  facet normal 0.382683 0.923880 0.000000
    outer loop
      vertex 16.150000 14.272243 5.400000
      vertex 15.739992 14.442074 5.400000
      vertex 15.739992 14.442074 5.550000
    endloop
  endfacet
  facet normal 0.382683 0.923880 -0.000000
    outer loop
      vertex 16.150000 14.272243 5.400000
      vertex 15.739992 14.442074 5.550000
      vertex 16.150000 14.272243 5.550000
    endloop
  endfacet
  facet normal -0.382683 -0.923880 0.000000
    outer loop
      vertex 15.862500 13.774279 5.400000
      vertex 15.591171 13.886667 5.550000
      vertex 15.591171 13.886667 5.400000
    endloop
  endfacet
  facet normal -0.382683 -0.923880 0.000000
    outer loop
      vertex 15.862500 13.774279 5.400000
      vertex 15.862500 13.774279 5.550000
      vertex 15.591171 13.886667 5.550000
    endloop
  endfacet
  facet normal 0.000000 0.000000 1.000000
    outer loop
      vertex 16.150000 14.272243 5.550000
      vertex 15.739992 14.442074 5.550000
      vertex 15.591171 13.886667 5.550000
    endloop
  endfacet
  facet normal 0.000000 0.000000 1.000000
    outer loop
      vertex 16.150000 14.272243 5.550000
      vertex 15.591171 13.886667 5.550000
      vertex 15.862500 13.774279 5.550000
    endloop
  endfacet
  facet normal -0.000000 0.000000 -1.000000
    outer loop
      vertex 16.150000 14.272243 5.400000
      vertex 15.591171 13.886667 5.400000
      vertex 15.739992 14.442074 5.400000
    endloop
  endfacet
  facet normal 0.000000 0.000000 -1.000000
    outer loop
      vertex 16.150000 14.272243 5.400000
      vertex 15.862500 13.774279 5.400000
      vertex 15.591171 13.886667 5.400000
    endloop
  endfacet
  facet normal 0.130526 0.991445 0.000000
    outer loop
      vertex 15.739992 14.442074 5.400000
      vertex 15.300000 14.500000 5.400000
      vertex 15.300000 14.500000 5.550000
    endloop
  endfacet
  facet normal 0.130526 0.991445 -0.000000
    outer loop
      vertex 15.739992 14.442074 5.400000
      vertex 15.300000 14.500000 5.550000
      vertex 15.739992 14.442074 5.550000
    endloop
  endfacet
  facet normal -0.130526 -0.991445 0.000000
    outer loop
      vertex 15.591171 13.886667 5.400000
      vertex 15.300000 13.925000 5.550000
      vertex 15.300000 13.925000 5.400000
    endloop
  endfacet
  facet normal -0.130526 -0.991445 0.000000
    outer loop
      vertex 15.591171 13.886667 5.400000
      vertex 15.591171 13.886667 5.550000
      vertex 15.300000 13.925000 5.550000
    endloop
  endfacet
  facet normal 0.000000 0.000000 1.000000
    outer loop
      vertex 15.739992 14.442074 5.550000
      vertex 15.300000 14.500000 5.550000
      vertex 15.300000 13.925000 5.550000
    endloop
  endfacet
  facet normal 0.000000 0.000000 1.000000
    outer loop
      vertex 15.739992 14.442074 5.550000
      vertex 15.300000 13.925000 5.550000
      vertex 15.591171 13.886667 5.550000
    endloop
  endfacet
  facet normal -0.000000 0.000000 -1.000000
    outer loop
      vertex 15.739992 14.442074 5.400000
      vertex 15.300000 13.925000 5.400000
      vertex 15.300000 14.500000 5.400000
    endloop
  endfacet
  facet normal 0.000000 0.000000 -1.000000
    outer loop
      vertex 15.739992 14.442074 5.400000
      vertex 15.591171 13.886667 5.400000
      vertex 15.300000 13.925000 5.400000
    endloop
  endfacet
  facet normal -0.130526 0.991445 0.000000
    outer loop
      vertex 15.300000 14.500000 5.400000
      vertex 14.860008 14.442074 5.400000
      vertex 14.860008 14.442074 5.550000
    endloop
  endfacet
  facet normal -0.130526 0.991445 0.000000
    outer loop
      vertex 15.300000 14.500000 5.400000
      vertex 14.860008 14.442074 5.550000
      vertex 15.300000 14.500000 5.550000
    endloop
  endfacet
  facet normal 0.130526 -0.991445 0.000000
    outer loop
      vertex 15.300000 13.925000 5.400000
      vertex 15.008829 13.886667 5.550000
      vertex 15.008829 13.886667 5.400000
    endloop
  endfacet
  facet normal 0.130526 -0.991445 0.000000
    outer loop
      vertex 15.300000 13.925000 5.400000
      vertex 15.300000 13.925000 5.550000
      vertex 15.008829 13.886667 5.550000
    endloop
  endfacet
  facet normal 0.000000 0.000000 1.000000
    outer loop
      vertex 15.300000 14.500000 5.550000
      vertex 14.860008 14.442074 5.550000
      vertex 15.008829 13.886667 5.550000
    endloop
  endfacet
  facet normal 0.000000 0.000000 1.000000
    outer loop
      vertex 15.300000 14.500000 5.550000
      vertex 15.008829 13.886667 5.550000
      vertex 15.300000 13.925000 5.550000
    endloop
  endfacet
  facet normal 0.000000 0.000000 -1.000000
    outer loop
      vertex 15.300000 14.500000 5.400000
      vertex 15.008829 13.886667 5.400000
      vertex 14.860008 14.442074 5.400000
    endloop
  endfacet
  facet normal 0.000000 -0.000000 -1.000000
    outer loop
      vertex 15.300000 14.500000 5.400000
      vertex 15.300000 13.925000 5.400000
      vertex 15.008829 13.886667 5.400000
    endloop
  endfacet
  facet normal -0.382683 0.923880 0.000000
    outer loop
      vertex 14.860008 14.442074 5.400000
      vertex 14.450000 14.272243 5.400000
      vertex 14.450000 14.272243 5.550000
    endloop
  endfacet
  facet normal -0.382683 0.923880 0.000000
    outer loop
      vertex 14.860008 14.442074 5.400000
      vertex 14.450000 14.272243 5.550000
      vertex 14.860008 14.442074 5.550000
    endloop
  endfacet
  facet normal 0.382683 -0.923880 0.000000
    outer loop
      vertex 15.008829 13.886667 5.400000
      vertex 14.737500 13.774279 5.550000
      vertex 14.737500 13.774279 5.400000
    endloop
  endfacet
  facet normal 0.382683 -0.923880 0.000000
    outer loop
      vertex 15.008829 13.886667 5.400000
      vertex 15.008829 13.886667 5.550000
      vertex 14.737500 13.774279 5.550000
    endloop
  endfacet
  facet normal 0.000000 0.000000 1.000000
    outer loop
      vertex 14.860008 14.442074 5.550000
      vertex 14.450000 14.272243 5.550000
      vertex 14.737500 13.774279 5.550000
    endloop
  endfacet
  facet normal 0.000000 0.000000 1.000000
    outer loop
      vertex 14.860008 14.442074 5.550000
      vertex 14.737500 13.774279 5.550000
      vertex 15.008829 13.886667 5.550000
    endloop
  endfacet
  facet normal 0.000000 0.000000 -1.000000
    outer loop
      vertex 14.860008 14.442074 5.400000
      vertex 14.737500 13.774279 5.400000
      vertex 14.450000 14.272243 5.400000
    endloop
  endfacet
  facet normal 0.000000 -0.000000 -1.000000
    outer loop
      vertex 14.860008 14.442074 5.400000
      vertex 15.008829 13.886667 5.400000
      vertex 14.737500 13.774279 5.400000
    endloop
  endfacet
  facet normal -0.608761 0.793353 0.000000
    outer loop
      vertex 14.450000 14.272243 5.400000
      vertex 14.097918 14.002082 5.400000
      vertex 14.097918 14.002082 5.550000
    endloop
  endfacet
  facet normal -0.608761 0.793353 0.000000
    outer loop
      vertex 14.450000 14.272243 5.400000
      vertex 14.097918 14.002082 5.550000
      vertex 14.450000 14.272243 5.550000
    endloop
  endfacet
  facet normal 0.608761 -0.793353 0.000000
    outer loop
      vertex 14.737500 13.774279 5.400000
      vertex 14.504505 13.595495 5.550000
      vertex 14.504505 13.595495 5.400000
    endloop
  endfacet
  facet normal 0.608761 -0.793353 0.000000
    outer loop
      vertex 14.737500 13.774279 5.400000
      vertex 14.737500 13.774279 5.550000
      vertex 14.504505 13.595495 5.550000
    endloop
  endfacet
  facet normal 0.000000 0.000000 1.000000
    outer loop
      vertex 14.450000 14.272243 5.550000
      vertex 14.097918 14.002082 5.550000
      vertex 14.504505 13.595495 5.550000
    endloop
  endfacet
  facet normal 0.000000 0.000000 1.000000
    outer loop
      vertex 14.450000 14.272243 5.550000
      vertex 14.504505 13.595495 5.550000
      vertex 14.737500 13.774279 5.550000
    endloop
  endfacet
  facet normal 0.000000 -0.000000 -1.000000
    outer loop
      vertex 14.450000 14.272243 5.400000
      vertex 14.504505 13.595495 5.400000
      vertex 14.097918 14.002082 5.400000
    endloop
  endfacet
  facet normal 0.000000 0.000000 -1.000000
    outer loop
      vertex 14.450000 14.272243 5.400000
      vertex 14.737500 13.774279 5.400000
      vertex 14.504505 13.595495 5.400000
    endloop
  endfacet
  facet normal -0.793353 0.608761 0.000000
    outer loop
      vertex 14.097918 14.002082 5.400000
      vertex 13.827757 13.650000 5.400000
      vertex 13.827757 13.650000 5.550000
    endloop
  endfacet
  facet normal -0.793353 0.608761 0.000000
    outer loop
      vertex 14.097918 14.002082 5.400000
      vertex 13.827757 13.650000 5.550000
      vertex 14.097918 14.002082 5.550000
    endloop
  endfacet
  facet normal 0.793353 -0.608761 0.000000
    outer loop
      vertex 14.504505 13.595495 5.400000
      vertex 14.325721 13.362500 5.550000
      vertex 14.325721 13.362500 5.400000
    endloop
  endfacet
  facet normal 0.793353 -0.608761 0.000000
    outer loop
      vertex 14.504505 13.595495 5.400000
      vertex 14.504505 13.595495 5.550000
      vertex 14.325721 13.362500 5.550000
    endloop
  endfacet
  facet normal 0.000000 0.000000 1.000000
    outer loop
      vertex 14.097918 14.002082 5.550000
      vertex 13.827757 13.650000 5.550000
      vertex 14.325721 13.362500 5.550000
    endloop
  endfacet
  facet normal 0.000000 0.000000 1.000000
    outer loop
      vertex 14.097918 14.002082 5.550000
      vertex 14.325721 13.362500 5.550000
      vertex 14.504505 13.595495 5.550000
    endloop
  endfacet
  facet normal 0.000000 -0.000000 -1.000000
    outer loop
      vertex 14.097918 14.002082 5.400000
      vertex 14.325721 13.362500 5.400000
      vertex 13.827757 13.650000 5.400000
    endloop
  endfacet
  facet normal 0.000000 0.000000 -1.000000
    outer loop
      vertex 14.097918 14.002082 5.400000
      vertex 14.504505 13.595495 5.400000
      vertex 14.325721 13.362500 5.400000
    endloop
  endfacet
  facet normal -0.923880 0.382683 0.000000
    outer loop
      vertex 13.827757 13.650000 5.400000
      vertex 13.657926 13.239992 5.400000
      vertex 13.657926 13.239992 5.550000
    endloop
  endfacet
  facet normal -0.923880 0.382683 0.000000
    outer loop
      vertex 13.827757 13.650000 5.400000
      vertex 13.657926 13.239992 5.550000
      vertex 13.827757 13.650000 5.550000
    endloop
  endfacet
  facet normal 0.923880 -0.382683 0.000000
    outer loop
      vertex 14.325721 13.362500 5.400000
      vertex 14.213333 13.091171 5.550000
      vertex 14.213333 13.091171 5.400000
    endloop
  endfacet
  facet normal 0.923880 -0.382683 0.000000
    outer loop
      vertex 14.325721 13.362500 5.400000
      vertex 14.325721 13.362500 5.550000
      vertex 14.213333 13.091171 5.550000
    endloop
  endfacet
  facet normal 0.000000 0.000000 1.000000
    outer loop
      vertex 13.827757 13.650000 5.550000
      vertex 13.657926 13.239992 5.550000
      vertex 14.213333 13.091171 5.550000
    endloop
  endfacet
  facet normal 0.000000 0.000000 1.000000
    outer loop
      vertex 13.827757 13.650000 5.550000
      vertex 14.213333 13.091171 5.550000
      vertex 14.325721 13.362500 5.550000
    endloop
  endfacet
  facet normal 0.000000 -0.000000 -1.000000
    outer loop
      vertex 13.827757 13.650000 5.400000
      vertex 14.213333 13.091171 5.400000
      vertex 13.657926 13.239992 5.400000
    endloop
  endfacet
  facet normal 0.000000 0.000000 -1.000000
    outer loop
      vertex 13.827757 13.650000 5.400000
      vertex 14.325721 13.362500 5.400000
      vertex 14.213333 13.091171 5.400000
    endloop
  endfacet
  facet normal -0.991445 0.130526 0.000000
    outer loop
      vertex 13.657926 13.239992 5.400000
      vertex 13.600000 12.800000 5.400000
      vertex 13.600000 12.800000 5.550000
    endloop
  endfacet
  facet normal -0.991445 0.130526 0.000000
    outer loop
      vertex 13.657926 13.239992 5.400000
      vertex 13.600000 12.800000 5.550000
      vertex 13.657926 13.239992 5.550000
    endloop
  endfacet
  facet normal 0.991445 -0.130526 0.000000
    outer loop
      vertex 14.213333 13.091171 5.400000
      vertex 14.175000 12.800000 5.550000
      vertex 14.175000 12.800000 5.400000
    endloop
  endfacet
  facet normal 0.991445 -0.130526 0.000000
    outer loop
      vertex 14.213333 13.091171 5.400000
      vertex 14.213333 13.091171 5.550000
      vertex 14.175000 12.800000 5.550000
    endloop
  endfacet
  facet normal 0.000000 0.000000 1.000000
    outer loop
      vertex 13.657926 13.239992 5.550000
      vertex 13.600000 12.800000 5.550000
      vertex 14.175000 12.800000 5.550000
    endloop
  endfacet
  facet normal 0.000000 0.000000 1.000000
    outer loop
      vertex 13.657926 13.239992 5.550000
      vertex 14.175000 12.800000 5.550000
      vertex 14.213333 13.091171 5.550000
    endloop
  endfacet
  facet normal 0.000000 -0.000000 -1.000000
    outer loop
      vertex 13.657926 13.239992 5.400000
      vertex 14.175000 12.800000 5.400000
      vertex 13.600000 12.800000 5.400000
    endloop
  endfacet
  facet normal 0.000000 0.000000 -1.000000
    outer loop
      vertex 13.657926 13.239992 5.400000
      vertex 14.213333 13.091171 5.400000
      vertex 14.175000 12.800000 5.400000
    endloop
  endfacet
  facet normal -0.991445 -0.130526 0.000000
    outer loop
      vertex 13.600000 12.800000 5.400000
      vertex 13.657926 12.360008 5.400000
      vertex 13.657926 12.360008 5.550000
    endloop
  endfacet
  facet normal -0.991445 -0.130526 0.000000
    outer loop
      vertex 13.600000 12.800000 5.400000
      vertex 13.657926 12.360008 5.550000
      vertex 13.600000 12.800000 5.550000
    endloop
  endfacet
  facet normal 0.991445 0.130526 0.000000
    outer loop
      vertex 14.175000 12.800000 5.400000
      vertex 14.213333 12.508829 5.550000
      vertex 14.213333 12.508829 5.400000
    endloop
  endfacet
  facet normal 0.991445 0.130526 -0.000000
    outer loop
      vertex 14.175000 12.800000 5.400000
      vertex 14.175000 12.800000 5.550000
      vertex 14.213333 12.508829 5.550000
    endloop
  endfacet
  facet normal 0.000000 0.000000 1.000000
    outer loop
      vertex 13.600000 12.800000 5.550000
      vertex 13.657926 12.360008 5.550000
      vertex 14.213333 12.508829 5.550000
    endloop
  endfacet
  facet normal -0.000000 0.000000 1.000000
    outer loop
      vertex 13.600000 12.800000 5.550000
      vertex 14.213333 12.508829 5.550000
      vertex 14.175000 12.800000 5.550000
    endloop
  endfacet
  facet normal 0.000000 0.000000 -1.000000
    outer loop
      vertex 13.600000 12.800000 5.400000
      vertex 14.213333 12.508829 5.400000
      vertex 13.657926 12.360008 5.400000
    endloop
  endfacet
  facet normal 0.000000 0.000000 -1.000000
    outer loop
      vertex 13.600000 12.800000 5.400000
      vertex 14.175000 12.800000 5.400000
      vertex 14.213333 12.508829 5.400000
    endloop
  endfacet
  facet normal -0.923880 -0.382683 0.000000
    outer loop
      vertex 13.657926 12.360008 5.400000
      vertex 13.827757 11.950000 5.400000
      vertex 13.827757 11.950000 5.550000
    endloop
  endfacet
  facet normal -0.923880 -0.382683 0.000000
    outer loop
      vertex 13.657926 12.360008 5.400000
      vertex 13.827757 11.950000 5.550000
      vertex 13.657926 12.360008 5.550000
    endloop
  endfacet
  facet normal 0.923880 0.382683 0.000000
    outer loop
      vertex 14.213333 12.508829 5.400000
      vertex 14.325721 12.237500 5.550000
      vertex 14.325721 12.237500 5.400000
    endloop
  endfacet
  facet normal 0.923880 0.382683 -0.000000
    outer loop
      vertex 14.213333 12.508829 5.400000
      vertex 14.213333 12.508829 5.550000
      vertex 14.325721 12.237500 5.550000
    endloop
  endfacet
  facet normal 0.000000 0.000000 1.000000
    outer loop
      vertex 13.657926 12.360008 5.550000
      vertex 13.827757 11.950000 5.550000
      vertex 14.325721 12.237500 5.550000
    endloop
  endfacet
  facet normal -0.000000 0.000000 1.000000
    outer loop
      vertex 13.657926 12.360008 5.550000
      vertex 14.325721 12.237500 5.550000
      vertex 14.213333 12.508829 5.550000
    endloop
  endfacet
  facet normal 0.000000 0.000000 -1.000000
    outer loop
      vertex 13.657926 12.360008 5.400000
      vertex 14.325721 12.237500 5.400000
      vertex 13.827757 11.950000 5.400000
    endloop
  endfacet
  facet normal 0.000000 0.000000 -1.000000
    outer loop
      vertex 13.657926 12.360008 5.400000
      vertex 14.213333 12.508829 5.400000
      vertex 14.325721 12.237500 5.400000
    endloop
  endfacet
  facet normal -0.793353 -0.608761 0.000000
    outer loop
      vertex 13.827757 11.950000 5.400000
      vertex 14.097918 11.597918 5.400000
      vertex 14.097918 11.597918 5.550000
    endloop
  endfacet
  facet normal -0.793353 -0.608761 0.000000
    outer loop
      vertex 13.827757 11.950000 5.400000
      vertex 14.097918 11.597918 5.550000
      vertex 13.827757 11.950000 5.550000
    endloop
  endfacet
  facet normal 0.793353 0.608761 0.000000
    outer loop
      vertex 14.325721 12.237500 5.400000
      vertex 14.504505 12.004505 5.550000
      vertex 14.504505 12.004505 5.400000
    endloop
  endfacet
  facet normal 0.793353 0.608761 -0.000000
    outer loop
      vertex 14.325721 12.237500 5.400000
      vertex 14.325721 12.237500 5.550000
      vertex 14.504505 12.004505 5.550000
    endloop
  endfacet
  facet normal -0.000000 0.000000 1.000000
    outer loop
      vertex 13.827757 11.950000 5.550000
      vertex 14.097918 11.597918 5.550000
      vertex 14.504505 12.004505 5.550000
    endloop
  endfacet
  facet normal 0.000000 0.000000 1.000000
    outer loop
      vertex 13.827757 11.950000 5.550000
      vertex 14.504505 12.004505 5.550000
      vertex 14.325721 12.237500 5.550000
    endloop
  endfacet
  facet normal 0.000000 0.000000 -1.000000
    outer loop
      vertex 13.827757 11.950000 5.400000
      vertex 14.504505 12.004505 5.400000
      vertex 14.097918 11.597918 5.400000
    endloop
  endfacet
  facet normal 0.000000 0.000000 -1.000000
    outer loop
      vertex 13.827757 11.950000 5.400000
      vertex 14.325721 12.237500 5.400000
      vertex 14.504505 12.004505 5.400000
    endloop
  endfacet
  facet normal -0.608761 -0.793353 0.000000
    outer loop
      vertex 14.097918 11.597918 5.400000
      vertex 14.450000 11.327757 5.400000
      vertex 14.450000 11.327757 5.550000
    endloop
  endfacet
  facet normal -0.608761 -0.793353 0.000000
    outer loop
      vertex 14.097918 11.597918 5.400000
      vertex 14.450000 11.327757 5.550000
      vertex 14.097918 11.597918 5.550000
    endloop
  endfacet
  facet normal 0.608761 0.793353 0.000000
    outer loop
      vertex 14.504505 12.004505 5.400000
      vertex 14.737500 11.825721 5.550000
      vertex 14.737500 11.825721 5.400000
    endloop
  endfacet
  facet normal 0.608761 0.793353 -0.000000
    outer loop
      vertex 14.504505 12.004505 5.400000
      vertex 14.504505 12.004505 5.550000
      vertex 14.737500 11.825721 5.550000
    endloop
  endfacet
  facet normal -0.000000 0.000000 1.000000
    outer loop
      vertex 14.097918 11.597918 5.550000
      vertex 14.450000 11.327757 5.550000
      vertex 14.737500 11.825721 5.550000
    endloop
  endfacet
  facet normal 0.000000 0.000000 1.000000
    outer loop
      vertex 14.097918 11.597918 5.550000
      vertex 14.737500 11.825721 5.550000
      vertex 14.504505 12.004505 5.550000
    endloop
  endfacet
  facet normal 0.000000 0.000000 -1.000000
    outer loop
      vertex 14.097918 11.597918 5.400000
      vertex 14.737500 11.825721 5.400000
      vertex 14.450000 11.327757 5.400000
    endloop
  endfacet
  facet normal 0.000000 0.000000 -1.000000
    outer loop
      vertex 14.097918 11.597918 5.400000
      vertex 14.504505 12.004505 5.400000
      vertex 14.737500 11.825721 5.400000
    endloop
  endfacet
  facet normal -0.382683 -0.923880 0.000000
    outer loop
      vertex 14.450000 11.327757 5.400000
      vertex 14.860008 11.157926 5.400000
      vertex 14.860008 11.157926 5.550000
    endloop
  endfacet
  facet normal -0.382683 -0.923880 0.000000
    outer loop
      vertex 14.450000 11.327757 5.400000
      vertex 14.860008 11.157926 5.550000
      vertex 14.450000 11.327757 5.550000
    endloop
  endfacet
  facet normal 0.382683 0.923880 0.000000
    outer loop
      vertex 14.737500 11.825721 5.400000
      vertex 15.008829 11.713333 5.550000
      vertex 15.008829 11.713333 5.400000
    endloop
  endfacet
  facet normal 0.382683 0.923880 -0.000000
    outer loop
      vertex 14.737500 11.825721 5.400000
      vertex 14.737500 11.825721 5.550000
      vertex 15.008829 11.713333 5.550000
    endloop
  endfacet
  facet normal -0.000000 0.000000 1.000000
    outer loop
      vertex 14.450000 11.327757 5.550000
      vertex 14.860008 11.157926 5.550000
      vertex 15.008829 11.713333 5.550000
    endloop
  endfacet
  facet normal 0.000000 0.000000 1.000000
    outer loop
      vertex 14.450000 11.327757 5.550000
      vertex 15.008829 11.713333 5.550000
      vertex 14.737500 11.825721 5.550000
    endloop
  endfacet
  facet normal 0.000000 0.000000 -1.000000
    outer loop
      vertex 14.450000 11.327757 5.400000
      vertex 15.008829 11.713333 5.400000
      vertex 14.860008 11.157926 5.400000
    endloop
  endfacet
  facet normal 0.000000 0.000000 -1.000000
    outer loop
      vertex 14.450000 11.327757 5.400000
      vertex 14.737500 11.825721 5.400000
      vertex 15.008829 11.713333 5.400000
    endloop
  endfacet
  facet normal -0.130526 -0.991445 0.000000
    outer loop
      vertex 14.860008 11.157926 5.400000
      vertex 15.300000 11.100000 5.400000
      vertex 15.300000 11.100000 5.550000
    endloop
  endfacet
  facet normal -0.130526 -0.991445 0.000000
    outer loop
      vertex 14.860008 11.157926 5.400000
      vertex 15.300000 11.100000 5.550000
      vertex 14.860008 11.157926 5.550000
    endloop
  endfacet
  facet normal 0.130526 0.991445 0.000000
    outer loop
      vertex 15.008829 11.713333 5.400000
      vertex 15.300000 11.675000 5.550000
      vertex 15.300000 11.675000 5.400000
    endloop
  endfacet
  facet normal 0.130526 0.991445 -0.000000
    outer loop
      vertex 15.008829 11.713333 5.400000
      vertex 15.008829 11.713333 5.550000
      vertex 15.300000 11.675000 5.550000
    endloop
  endfacet
  facet normal -0.000000 0.000000 1.000000
    outer loop
      vertex 14.860008 11.157926 5.550000
      vertex 15.300000 11.100000 5.550000
      vertex 15.300000 11.675000 5.550000
    endloop
  endfacet
  facet normal 0.000000 0.000000 1.000000
    outer loop
      vertex 14.860008 11.157926 5.550000
      vertex 15.300000 11.675000 5.550000
      vertex 15.008829 11.713333 5.550000
    endloop
  endfacet
  facet normal 0.000000 0.000000 -1.000000
    outer loop
      vertex 14.860008 11.157926 5.400000
      vertex 15.300000 11.675000 5.400000
      vertex 15.300000 11.100000 5.400000
    endloop
  endfacet
  facet normal 0.000000 0.000000 -1.000000
    outer loop
      vertex 14.860008 11.157926 5.400000
      vertex 15.008829 11.713333 5.400000
      vertex 15.300000 11.675000 5.400000
    endloop
  endfacet
  facet normal 0.130526 -0.991445 0.000000
    outer loop
      vertex 15.300000 11.100000 5.400000
      vertex 15.739992 11.157926 5.400000
      vertex 15.739992 11.157926 5.550000
    endloop
  endfacet
  facet normal 0.130526 -0.991445 0.000000
    outer loop
      vertex 15.300000 11.100000 5.400000
      vertex 15.739992 11.157926 5.550000
      vertex 15.300000 11.100000 5.550000
    endloop
  endfacet
  facet normal -0.130526 0.991445 0.000000
    outer loop
      vertex 15.300000 11.675000 5.400000
      vertex 15.591171 11.713333 5.550000
      vertex 15.591171 11.713333 5.400000
    endloop
  endfacet
  facet normal -0.130526 0.991445 0.000000
    outer loop
      vertex 15.300000 11.675000 5.400000
      vertex 15.300000 11.675000 5.550000
      vertex 15.591171 11.713333 5.550000
    endloop
  endfacet
  facet normal 0.000000 0.000000 1.000000
    outer loop
      vertex 15.300000 11.100000 5.550000
      vertex 15.739992 11.157926 5.550000
      vertex 15.591171 11.713333 5.550000
    endloop
  endfacet
  facet normal 0.000000 0.000000 1.000000
    outer loop
      vertex 15.300000 11.100000 5.550000
      vertex 15.591171 11.713333 5.550000
      vertex 15.300000 11.675000 5.550000
    endloop
  endfacet
  facet normal 0.000000 0.000000 -1.000000
    outer loop
      vertex 15.300000 11.100000 5.400000
      vertex 15.591171 11.713333 5.400000
      vertex 15.739992 11.157926 5.400000
    endloop
  endfacet
  facet normal 0.000000 0.000000 -1.000000
    outer loop
      vertex 15.300000 11.100000 5.400000
      vertex 15.300000 11.675000 5.400000
      vertex 15.591171 11.713333 5.400000
    endloop
  endfacet
  facet normal 0.382683 -0.923880 0.000000
    outer loop
      vertex 15.739992 11.157926 5.400000
      vertex 16.150000 11.327757 5.400000
      vertex 16.150000 11.327757 5.550000
    endloop
  endfacet
  facet normal 0.382683 -0.923880 0.000000
    outer loop
      vertex 15.739992 11.157926 5.400000
      vertex 16.150000 11.327757 5.550000
      vertex 15.739992 11.157926 5.550000
    endloop
  endfacet
  facet normal -0.382683 0.923880 0.000000
    outer loop
      vertex 15.591171 11.713333 5.400000
      vertex 15.862500 11.825721 5.550000
      vertex 15.862500 11.825721 5.400000
    endloop
  endfacet
  facet normal -0.382683 0.923880 0.000000
    outer loop
      vertex 15.591171 11.713333 5.400000
      vertex 15.591171 11.713333 5.550000
      vertex 15.862500 11.825721 5.550000
    endloop
  endfacet
  facet normal 0.000000 0.000000 1.000000
    outer loop
      vertex 15.739992 11.157926 5.550000
      vertex 16.150000 11.327757 5.550000
      vertex 15.862500 11.825721 5.550000
    endloop
  endfacet
  facet normal 0.000000 -0.000000 1.000000
    outer loop
      vertex 15.739992 11.157926 5.550000
      vertex 15.862500 11.825721 5.550000
      vertex 15.591171 11.713333 5.550000
    endloop
  endfacet
  facet normal 0.000000 0.000000 -1.000000
    outer loop
      vertex 15.739992 11.157926 5.400000
      vertex 15.862500 11.825721 5.400000
      vertex 16.150000 11.327757 5.400000
    endloop
  endfacet
  facet normal 0.000000 0.000000 -1.000000
    outer loop
      vertex 15.739992 11.157926 5.400000
      vertex 15.591171 11.713333 5.400000
      vertex 15.862500 11.825721 5.400000
    endloop
  endfacet
  facet normal 0.608761 -0.793353 0.000000
    outer loop
      vertex 16.150000 11.327757 5.400000
      vertex 16.502082 11.597918 5.400000
      vertex 16.502082 11.597918 5.550000
    endloop
  endfacet
  facet normal 0.608761 -0.793353 0.000000
    outer loop
      vertex 16.150000 11.327757 5.400000
      vertex 16.502082 11.597918 5.550000
      vertex 16.150000 11.327757 5.550000
    endloop
  endfacet
  facet normal -0.608761 0.793353 0.000000
    outer loop
      vertex 15.862500 11.825721 5.400000
      vertex 16.095495 12.004505 5.550000
      vertex 16.095495 12.004505 5.400000
    endloop
  endfacet
  facet normal -0.608761 0.793353 0.000000
    outer loop
      vertex 15.862500 11.825721 5.400000
      vertex 15.862500 11.825721 5.550000
      vertex 16.095495 12.004505 5.550000
    endloop
  endfacet
  facet normal 0.000000 -0.000000 1.000000
    outer loop
      vertex 16.150000 11.327757 5.550000
      vertex 16.502082 11.597918 5.550000
      vertex 16.095495 12.004505 5.550000
    endloop
  endfacet
  facet normal 0.000000 0.000000 1.000000
    outer loop
      vertex 16.150000 11.327757 5.550000
      vertex 16.095495 12.004505 5.550000
      vertex 15.862500 11.825721 5.550000
    endloop
  endfacet
  facet normal 0.000000 0.000000 -1.000000
    outer loop
      vertex 16.150000 11.327757 5.400000
      vertex 16.095495 12.004505 5.400000
      vertex 16.502082 11.597918 5.400000
    endloop
  endfacet
  facet normal 0.000000 0.000000 -1.000000
    outer loop
      vertex 16.150000 11.327757 5.400000
      vertex 15.862500 11.825721 5.400000
      vertex 16.095495 12.004505 5.400000
    endloop
  endfacet
  facet normal 0.793353 -0.608761 0.000000
    outer loop
      vertex 16.502082 11.597918 5.400000
      vertex 16.772243 11.950000 5.400000
      vertex 16.772243 11.950000 5.550000
    endloop
  endfacet
  facet normal 0.793353 -0.608761 0.000000
    outer loop
      vertex 16.502082 11.597918 5.400000
      vertex 16.772243 11.950000 5.550000
      vertex 16.502082 11.597918 5.550000
    endloop
  endfacet
  facet normal -0.793353 0.608761 0.000000
    outer loop
      vertex 16.095495 12.004505 5.400000
      vertex 16.274279 12.237500 5.550000
      vertex 16.274279 12.237500 5.400000
    endloop
  endfacet
  facet normal -0.793353 0.608761 0.000000
    outer loop
      vertex 16.095495 12.004505 5.400000
      vertex 16.095495 12.004505 5.550000
      vertex 16.274279 12.237500 5.550000
    endloop
  endfacet
  facet normal 0.000000 -0.000000 1.000000
    outer loop
      vertex 16.502082 11.597918 5.550000
      vertex 16.772243 11.950000 5.550000
      vertex 16.274279 12.237500 5.550000
    endloop
  endfacet
  facet normal 0.000000 0.000000 1.000000
    outer loop
      vertex 16.502082 11.597918 5.550000
      vertex 16.274279 12.237500 5.550000
      vertex 16.095495 12.004505 5.550000
    endloop
  endfacet
  facet normal 0.000000 0.000000 -1.000000
    outer loop
      vertex 16.502082 11.597918 5.400000
      vertex 16.274279 12.237500 5.400000
      vertex 16.772243 11.950000 5.400000
    endloop
  endfacet
  facet normal 0.000000 0.000000 -1.000000
    outer loop
      vertex 16.502082 11.597918 5.400000
      vertex 16.095495 12.004505 5.400000
      vertex 16.274279 12.237500 5.400000
    endloop
  endfacet
  facet normal 0.923880 -0.382683 0.000000
    outer loop
      vertex 16.772243 11.950000 5.400000
      vertex 16.942074 12.360008 5.400000
      vertex 16.942074 12.360008 5.550000
    endloop
  endfacet
  facet normal 0.923880 -0.382683 0.000000
    outer loop
      vertex 16.772243 11.950000 5.400000
      vertex 16.942074 12.360008 5.550000
      vertex 16.772243 11.950000 5.550000
    endloop
  endfacet
  facet normal -0.923880 0.382683 0.000000
    outer loop
      vertex 16.274279 12.237500 5.400000
      vertex 16.386667 12.508829 5.550000
      vertex 16.386667 12.508829 5.400000
    endloop
  endfacet
  facet normal -0.923880 0.382683 0.000000
    outer loop
      vertex 16.274279 12.237500 5.400000
      vertex 16.274279 12.237500 5.550000
      vertex 16.386667 12.508829 5.550000
    endloop
  endfacet
  facet normal 0.000000 -0.000000 1.000000
    outer loop
      vertex 16.772243 11.950000 5.550000
      vertex 16.942074 12.360008 5.550000
      vertex 16.386667 12.508829 5.550000
    endloop
  endfacet
  facet normal 0.000000 0.000000 1.000000
    outer loop
      vertex 16.772243 11.950000 5.550000
      vertex 16.386667 12.508829 5.550000
      vertex 16.274279 12.237500 5.550000
    endloop
  endfacet
  facet normal 0.000000 0.000000 -1.000000
    outer loop
      vertex 16.772243 11.950000 5.400000
      vertex 16.386667 12.508829 5.400000
      vertex 16.942074 12.360008 5.400000
    endloop
  endfacet
  facet normal 0.000000 0.000000 -1.000000
    outer loop
      vertex 16.772243 11.950000 5.400000
      vertex 16.274279 12.237500 5.400000
      vertex 16.386667 12.508829 5.400000
    endloop
  endfacet
  facet normal 0.991445 -0.130526 0.000000
    outer loop
      vertex 16.942074 12.360008 5.400000
      vertex 17.000000 12.800000 5.400000
      vertex 17.000000 12.800000 5.550000
    endloop
  endfacet
  facet normal 0.991445 -0.130526 0.000000
    outer loop
      vertex 16.942074 12.360008 5.400000
      vertex 17.000000 12.800000 5.550000
      vertex 16.942074 12.360008 5.550000
    endloop
  endfacet
  facet normal -0.991445 0.130526 0.000000
    outer loop
      vertex 16.386667 12.508829 5.400000
      vertex 16.425000 12.800000 5.550000
      vertex 16.425000 12.800000 5.400000
    endloop
  endfacet
  facet normal -0.991445 0.130526 0.000000
    outer loop
      vertex 16.386667 12.508829 5.400000
      vertex 16.386667 12.508829 5.550000
      vertex 16.425000 12.800000 5.550000
    endloop
  endfacet
  facet normal 0.000000 -0.000000 1.000000
    outer loop
      vertex 16.942074 12.360008 5.550000
      vertex 17.000000 12.800000 5.550000
      vertex 16.425000 12.800000 5.550000
    endloop
  endfacet
  facet normal 0.000000 0.000000 1.000000
    outer loop
      vertex 16.942074 12.360008 5.550000
      vertex 16.425000 12.800000 5.550000
      vertex 16.386667 12.508829 5.550000
    endloop
  endfacet
  facet normal 0.000000 0.000000 -1.000000
    outer loop
      vertex 16.942074 12.360008 5.400000
      vertex 16.425000 12.800000 5.400000
      vertex 17.000000 12.800000 5.400000
    endloop
  endfacet
  facet normal 0.000000 0.000000 -1.000000
    outer loop
      vertex 16.942074 12.360008 5.400000
      vertex 16.386667 12.508829 5.400000
      vertex 16.425000 12.800000 5.400000
    endloop
  endfacet
  facet normal 0.991445 0.130526 0.000000
    outer loop
      vertex -13.600000 12.800000 5.400000
      vertex -13.657926 13.239992 5.400000
      vertex -13.657926 13.239992 5.550000
    endloop
  endfacet
  facet normal 0.991445 0.130526 -0.000000
    outer loop
      vertex -13.600000 12.800000 5.400000
      vertex -13.657926 13.239992 5.550000
      vertex -13.600000 12.800000 5.550000
    endloop
  endfacet
  facet normal -0.991445 -0.130526 0.000000
    outer loop
      vertex -14.175000 12.800000 5.400000
      vertex -14.213333 13.091171 5.550000
      vertex -14.213333 13.091171 5.400000
    endloop
  endfacet
  facet normal -0.991445 -0.130526 0.000000
    outer loop
      vertex -14.175000 12.800000 5.400000
      vertex -14.175000 12.800000 5.550000
      vertex -14.213333 13.091171 5.550000
    endloop
  endfacet
  facet normal 0.000000 0.000000 1.000000
    outer loop
      vertex -13.600000 12.800000 5.550000
      vertex -13.657926 13.239992 5.550000
      vertex -14.213333 13.091171 5.550000
    endloop
  endfacet
  facet normal 0.000000 0.000000 1.000000
    outer loop
      vertex -13.600000 12.800000 5.550000
      vertex -14.213333 13.091171 5.550000
      vertex -14.175000 12.800000 5.550000
    endloop
  endfacet
  facet normal 0.000000 0.000000 -1.000000
    outer loop
      vertex -13.600000 12.800000 5.400000
      vertex -14.213333 13.091171 5.400000
      vertex -13.657926 13.239992 5.400000
    endloop
  endfacet
  facet normal 0.000000 0.000000 -1.000000
    outer loop
      vertex -13.600000 12.800000 5.400000
      vertex -14.175000 12.800000 5.400000
      vertex -14.213333 13.091171 5.400000
    endloop
  endfacet
  facet normal 0.923880 0.382683 0.000000
    outer loop
      vertex -13.657926 13.239992 5.400000
      vertex -13.827757 13.650000 5.400000
      vertex -13.827757 13.650000 5.550000
    endloop
  endfacet
  facet normal 0.923880 0.382683 -0.000000
    outer loop
      vertex -13.657926 13.239992 5.400000
      vertex -13.827757 13.650000 5.550000
      vertex -13.657926 13.239992 5.550000
    endloop
  endfacet
  facet normal -0.923880 -0.382683 0.000000
    outer loop
      vertex -14.213333 13.091171 5.400000
      vertex -14.325721 13.362500 5.550000
      vertex -14.325721 13.362500 5.400000
    endloop
  endfacet
  facet normal -0.923880 -0.382683 0.000000
    outer loop
      vertex -14.213333 13.091171 5.400000
      vertex -14.213333 13.091171 5.550000
      vertex -14.325721 13.362500 5.550000
    endloop
  endfacet
  facet normal 0.000000 0.000000 1.000000
    outer loop
      vertex -13.657926 13.239992 5.550000
      vertex -13.827757 13.650000 5.550000
      vertex -14.325721 13.362500 5.550000
    endloop
  endfacet
  facet normal 0.000000 0.000000 1.000000
    outer loop
      vertex -13.657926 13.239992 5.550000
      vertex -14.325721 13.362500 5.550000
      vertex -14.213333 13.091171 5.550000
    endloop
  endfacet
  facet normal 0.000000 0.000000 -1.000000
    outer loop
      vertex -13.657926 13.239992 5.400000
      vertex -14.325721 13.362500 5.400000
      vertex -13.827757 13.650000 5.400000
    endloop
  endfacet
  facet normal -0.000000 0.000000 -1.000000
    outer loop
      vertex -13.657926 13.239992 5.400000
      vertex -14.213333 13.091171 5.400000
      vertex -14.325721 13.362500 5.400000
    endloop
  endfacet
  facet normal 0.793353 0.608761 0.000000
    outer loop
      vertex -13.827757 13.650000 5.400000
      vertex -14.097918 14.002082 5.400000
      vertex -14.097918 14.002082 5.550000
    endloop
  endfacet
  facet normal 0.793353 0.608761 -0.000000
    outer loop
      vertex -13.827757 13.650000 5.400000
      vertex -14.097918 14.002082 5.550000
      vertex -13.827757 13.650000 5.550000
    endloop
  endfacet
  facet normal -0.793353 -0.608761 0.000000
    outer loop
      vertex -14.325721 13.362500 5.400000
      vertex -14.504505 13.595495 5.550000
      vertex -14.504505 13.595495 5.400000
    endloop
  endfacet
  facet normal -0.793353 -0.608761 0.000000
    outer loop
      vertex -14.325721 13.362500 5.400000
      vertex -14.325721 13.362500 5.550000
      vertex -14.504505 13.595495 5.550000
    endloop
  endfacet
  facet normal 0.000000 0.000000 1.000000
    outer loop
      vertex -13.827757 13.650000 5.550000
      vertex -14.097918 14.002082 5.550000
      vertex -14.504505 13.595495 5.550000
    endloop
  endfacet
  facet normal 0.000000 0.000000 1.000000
    outer loop
      vertex -13.827757 13.650000 5.550000
      vertex -14.504505 13.595495 5.550000
      vertex -14.325721 13.362500 5.550000
    endloop
  endfacet
  facet normal -0.000000 0.000000 -1.000000
    outer loop
      vertex -13.827757 13.650000 5.400000
      vertex -14.504505 13.595495 5.400000
      vertex -14.097918 14.002082 5.400000
    endloop
  endfacet
  facet normal 0.000000 0.000000 -1.000000
    outer loop
      vertex -13.827757 13.650000 5.400000
      vertex -14.325721 13.362500 5.400000
      vertex -14.504505 13.595495 5.400000
    endloop
  endfacet
  facet normal 0.608761 0.793353 0.000000
    outer loop
      vertex -14.097918 14.002082 5.400000
      vertex -14.450000 14.272243 5.400000
      vertex -14.450000 14.272243 5.550000
    endloop
  endfacet
  facet normal 0.608761 0.793353 -0.000000
    outer loop
      vertex -14.097918 14.002082 5.400000
      vertex -14.450000 14.272243 5.550000
      vertex -14.097918 14.002082 5.550000
    endloop
  endfacet
  facet normal -0.608761 -0.793353 0.000000
    outer loop
      vertex -14.504505 13.595495 5.400000
      vertex -14.737500 13.774279 5.550000
      vertex -14.737500 13.774279 5.400000
    endloop
  endfacet
  facet normal -0.608761 -0.793353 0.000000
    outer loop
      vertex -14.504505 13.595495 5.400000
      vertex -14.504505 13.595495 5.550000
      vertex -14.737500 13.774279 5.550000
    endloop
  endfacet
  facet normal 0.000000 0.000000 1.000000
    outer loop
      vertex -14.097918 14.002082 5.550000
      vertex -14.450000 14.272243 5.550000
      vertex -14.737500 13.774279 5.550000
    endloop
  endfacet
  facet normal 0.000000 0.000000 1.000000
    outer loop
      vertex -14.097918 14.002082 5.550000
      vertex -14.737500 13.774279 5.550000
      vertex -14.504505 13.595495 5.550000
    endloop
  endfacet
  facet normal -0.000000 0.000000 -1.000000
    outer loop
      vertex -14.097918 14.002082 5.400000
      vertex -14.737500 13.774279 5.400000
      vertex -14.450000 14.272243 5.400000
    endloop
  endfacet
  facet normal 0.000000 0.000000 -1.000000
    outer loop
      vertex -14.097918 14.002082 5.400000
      vertex -14.504505 13.595495 5.400000
      vertex -14.737500 13.774279 5.400000
    endloop
  endfacet
  facet normal 0.382683 0.923880 0.000000
    outer loop
      vertex -14.450000 14.272243 5.400000
      vertex -14.860008 14.442074 5.400000
      vertex -14.860008 14.442074 5.550000
    endloop
  endfacet
  facet normal 0.382683 0.923880 -0.000000
    outer loop
      vertex -14.450000 14.272243 5.400000
      vertex -14.860008 14.442074 5.550000
      vertex -14.450000 14.272243 5.550000
    endloop
  endfacet
  facet normal -0.382683 -0.923880 0.000000
    outer loop
      vertex -14.737500 13.774279 5.400000
      vertex -15.008829 13.886667 5.550000
      vertex -15.008829 13.886667 5.400000
    endloop
  endfacet
  facet normal -0.382683 -0.923880 0.000000
    outer loop
      vertex -14.737500 13.774279 5.400000
      vertex -14.737500 13.774279 5.550000
      vertex -15.008829 13.886667 5.550000
    endloop
  endfacet
  facet normal 0.000000 0.000000 1.000000
    outer loop
      vertex -14.450000 14.272243 5.550000
      vertex -14.860008 14.442074 5.550000
      vertex -15.008829 13.886667 5.550000
    endloop
  endfacet
  facet normal 0.000000 0.000000 1.000000
    outer loop
      vertex -14.450000 14.272243 5.550000
      vertex -15.008829 13.886667 5.550000
      vertex -14.737500 13.774279 5.550000
    endloop
  endfacet
  facet normal -0.000000 0.000000 -1.000000
    outer loop
      vertex -14.450000 14.272243 5.400000
      vertex -15.008829 13.886667 5.400000
      vertex -14.860008 14.442074 5.400000
    endloop
  endfacet
  facet normal 0.000000 0.000000 -1.000000
    outer loop
      vertex -14.450000 14.272243 5.400000
      vertex -14.737500 13.774279 5.400000
      vertex -15.008829 13.886667 5.400000
    endloop
  endfacet
  facet normal 0.130526 0.991445 0.000000
    outer loop
      vertex -14.860008 14.442074 5.400000
      vertex -15.300000 14.500000 5.400000
      vertex -15.300000 14.500000 5.550000
    endloop
  endfacet
  facet normal 0.130526 0.991445 -0.000000
    outer loop
      vertex -14.860008 14.442074 5.400000
      vertex -15.300000 14.500000 5.550000
      vertex -14.860008 14.442074 5.550000
    endloop
  endfacet
  facet normal -0.130526 -0.991445 0.000000
    outer loop
      vertex -15.008829 13.886667 5.400000
      vertex -15.300000 13.925000 5.550000
      vertex -15.300000 13.925000 5.400000
    endloop
  endfacet
  facet normal -0.130526 -0.991445 0.000000
    outer loop
      vertex -15.008829 13.886667 5.400000
      vertex -15.008829 13.886667 5.550000
      vertex -15.300000 13.925000 5.550000
    endloop
  endfacet
  facet normal 0.000000 0.000000 1.000000
    outer loop
      vertex -14.860008 14.442074 5.550000
      vertex -15.300000 14.500000 5.550000
      vertex -15.300000 13.925000 5.550000
    endloop
  endfacet
  facet normal 0.000000 0.000000 1.000000
    outer loop
      vertex -14.860008 14.442074 5.550000
      vertex -15.300000 13.925000 5.550000
      vertex -15.008829 13.886667 5.550000
    endloop
  endfacet
  facet normal -0.000000 0.000000 -1.000000
    outer loop
      vertex -14.860008 14.442074 5.400000
      vertex -15.300000 13.925000 5.400000
      vertex -15.300000 14.500000 5.400000
    endloop
  endfacet
  facet normal 0.000000 0.000000 -1.000000
    outer loop
      vertex -14.860008 14.442074 5.400000
      vertex -15.008829 13.886667 5.400000
      vertex -15.300000 13.925000 5.400000
    endloop
  endfacet
  facet normal -0.130526 0.991445 0.000000
    outer loop
      vertex -15.300000 14.500000 5.400000
      vertex -15.739992 14.442074 5.400000
      vertex -15.739992 14.442074 5.550000
    endloop
  endfacet
  facet normal -0.130526 0.991445 0.000000
    outer loop
      vertex -15.300000 14.500000 5.400000
      vertex -15.739992 14.442074 5.550000
      vertex -15.300000 14.500000 5.550000
    endloop
  endfacet
  facet normal 0.130526 -0.991445 0.000000
    outer loop
      vertex -15.300000 13.925000 5.400000
      vertex -15.591171 13.886667 5.550000
      vertex -15.591171 13.886667 5.400000
    endloop
  endfacet
  facet normal 0.130526 -0.991445 0.000000
    outer loop
      vertex -15.300000 13.925000 5.400000
      vertex -15.300000 13.925000 5.550000
      vertex -15.591171 13.886667 5.550000
    endloop
  endfacet
  facet normal 0.000000 0.000000 1.000000
    outer loop
      vertex -15.300000 14.500000 5.550000
      vertex -15.739992 14.442074 5.550000
      vertex -15.591171 13.886667 5.550000
    endloop
  endfacet
  facet normal 0.000000 0.000000 1.000000
    outer loop
      vertex -15.300000 14.500000 5.550000
      vertex -15.591171 13.886667 5.550000
      vertex -15.300000 13.925000 5.550000
    endloop
  endfacet
  facet normal 0.000000 0.000000 -1.000000
    outer loop
      vertex -15.300000 14.500000 5.400000
      vertex -15.591171 13.886667 5.400000
      vertex -15.739992 14.442074 5.400000
    endloop
  endfacet
  facet normal 0.000000 -0.000000 -1.000000
    outer loop
      vertex -15.300000 14.500000 5.400000
      vertex -15.300000 13.925000 5.400000
      vertex -15.591171 13.886667 5.400000
    endloop
  endfacet
  facet normal -0.382683 0.923880 0.000000
    outer loop
      vertex -15.739992 14.442074 5.400000
      vertex -16.150000 14.272243 5.400000
      vertex -16.150000 14.272243 5.550000
    endloop
  endfacet
  facet normal -0.382683 0.923880 0.000000
    outer loop
      vertex -15.739992 14.442074 5.400000
      vertex -16.150000 14.272243 5.550000
      vertex -15.739992 14.442074 5.550000
    endloop
  endfacet
  facet normal 0.382683 -0.923880 0.000000
    outer loop
      vertex -15.591171 13.886667 5.400000
      vertex -15.862500 13.774279 5.550000
      vertex -15.862500 13.774279 5.400000
    endloop
  endfacet
  facet normal 0.382683 -0.923880 0.000000
    outer loop
      vertex -15.591171 13.886667 5.400000
      vertex -15.591171 13.886667 5.550000
      vertex -15.862500 13.774279 5.550000
    endloop
  endfacet
  facet normal 0.000000 0.000000 1.000000
    outer loop
      vertex -15.739992 14.442074 5.550000
      vertex -16.150000 14.272243 5.550000
      vertex -15.862500 13.774279 5.550000
    endloop
  endfacet
  facet normal 0.000000 0.000000 1.000000
    outer loop
      vertex -15.739992 14.442074 5.550000
      vertex -15.862500 13.774279 5.550000
      vertex -15.591171 13.886667 5.550000
    endloop
  endfacet
  facet normal 0.000000 0.000000 -1.000000
    outer loop
      vertex -15.739992 14.442074 5.400000
      vertex -15.862500 13.774279 5.400000
      vertex -16.150000 14.272243 5.400000
    endloop
  endfacet
  facet normal 0.000000 -0.000000 -1.000000
    outer loop
      vertex -15.739992 14.442074 5.400000
      vertex -15.591171 13.886667 5.400000
      vertex -15.862500 13.774279 5.400000
    endloop
  endfacet
  facet normal -0.608761 0.793353 0.000000
    outer loop
      vertex -16.150000 14.272243 5.400000
      vertex -16.502082 14.002082 5.400000
      vertex -16.502082 14.002082 5.550000
    endloop
  endfacet
  facet normal -0.608761 0.793353 0.000000
    outer loop
      vertex -16.150000 14.272243 5.400000
      vertex -16.502082 14.002082 5.550000
      vertex -16.150000 14.272243 5.550000
    endloop
  endfacet
  facet normal 0.608761 -0.793353 0.000000
    outer loop
      vertex -15.862500 13.774279 5.400000
      vertex -16.095495 13.595495 5.550000
      vertex -16.095495 13.595495 5.400000
    endloop
  endfacet
  facet normal 0.608761 -0.793353 0.000000
    outer loop
      vertex -15.862500 13.774279 5.400000
      vertex -15.862500 13.774279 5.550000
      vertex -16.095495 13.595495 5.550000
    endloop
  endfacet
  facet normal 0.000000 0.000000 1.000000
    outer loop
      vertex -16.150000 14.272243 5.550000
      vertex -16.502082 14.002082 5.550000
      vertex -16.095495 13.595495 5.550000
    endloop
  endfacet
  facet normal 0.000000 0.000000 1.000000
    outer loop
      vertex -16.150000 14.272243 5.550000
      vertex -16.095495 13.595495 5.550000
      vertex -15.862500 13.774279 5.550000
    endloop
  endfacet
  facet normal 0.000000 -0.000000 -1.000000
    outer loop
      vertex -16.150000 14.272243 5.400000
      vertex -16.095495 13.595495 5.400000
      vertex -16.502082 14.002082 5.400000
    endloop
  endfacet
  facet normal 0.000000 0.000000 -1.000000
    outer loop
      vertex -16.150000 14.272243 5.400000
      vertex -15.862500 13.774279 5.400000
      vertex -16.095495 13.595495 5.400000
    endloop
  endfacet
  facet normal -0.793353 0.608761 0.000000
    outer loop
      vertex -16.502082 14.002082 5.400000
      vertex -16.772243 13.650000 5.400000
      vertex -16.772243 13.650000 5.550000
    endloop
  endfacet
  facet normal -0.793353 0.608761 0.000000
    outer loop
      vertex -16.502082 14.002082 5.400000
      vertex -16.772243 13.650000 5.550000
      vertex -16.502082 14.002082 5.550000
    endloop
  endfacet
  facet normal 0.793353 -0.608761 0.000000
    outer loop
      vertex -16.095495 13.595495 5.400000
      vertex -16.274279 13.362500 5.550000
      vertex -16.274279 13.362500 5.400000
    endloop
  endfacet
  facet normal 0.793353 -0.608761 0.000000
    outer loop
      vertex -16.095495 13.595495 5.400000
      vertex -16.095495 13.595495 5.550000
      vertex -16.274279 13.362500 5.550000
    endloop
  endfacet
  facet normal 0.000000 0.000000 1.000000
    outer loop
      vertex -16.502082 14.002082 5.550000
      vertex -16.772243 13.650000 5.550000
      vertex -16.274279 13.362500 5.550000
    endloop
  endfacet
  facet normal 0.000000 0.000000 1.000000
    outer loop
      vertex -16.502082 14.002082 5.550000
      vertex -16.274279 13.362500 5.550000
      vertex -16.095495 13.595495 5.550000
    endloop
  endfacet
  facet normal 0.000000 -0.000000 -1.000000
    outer loop
      vertex -16.502082 14.002082 5.400000
      vertex -16.274279 13.362500 5.400000
      vertex -16.772243 13.650000 5.400000
    endloop
  endfacet
  facet normal 0.000000 0.000000 -1.000000
    outer loop
      vertex -16.502082 14.002082 5.400000
      vertex -16.095495 13.595495 5.400000
      vertex -16.274279 13.362500 5.400000
    endloop
  endfacet
  facet normal -0.923880 0.382683 0.000000
    outer loop
      vertex -16.772243 13.650000 5.400000
      vertex -16.942074 13.239992 5.400000
      vertex -16.942074 13.239992 5.550000
    endloop
  endfacet
  facet normal -0.923880 0.382683 0.000000
    outer loop
      vertex -16.772243 13.650000 5.400000
      vertex -16.942074 13.239992 5.550000
      vertex -16.772243 13.650000 5.550000
    endloop
  endfacet
  facet normal 0.923880 -0.382683 0.000000
    outer loop
      vertex -16.274279 13.362500 5.400000
      vertex -16.386667 13.091171 5.550000
      vertex -16.386667 13.091171 5.400000
    endloop
  endfacet
  facet normal 0.923880 -0.382683 0.000000
    outer loop
      vertex -16.274279 13.362500 5.400000
      vertex -16.274279 13.362500 5.550000
      vertex -16.386667 13.091171 5.550000
    endloop
  endfacet
  facet normal 0.000000 0.000000 1.000000
    outer loop
      vertex -16.772243 13.650000 5.550000
      vertex -16.942074 13.239992 5.550000
      vertex -16.386667 13.091171 5.550000
    endloop
  endfacet
  facet normal 0.000000 0.000000 1.000000
    outer loop
      vertex -16.772243 13.650000 5.550000
      vertex -16.386667 13.091171 5.550000
      vertex -16.274279 13.362500 5.550000
    endloop
  endfacet
  facet normal 0.000000 -0.000000 -1.000000
    outer loop
      vertex -16.772243 13.650000 5.400000
      vertex -16.386667 13.091171 5.400000
      vertex -16.942074 13.239992 5.400000
    endloop
  endfacet
  facet normal 0.000000 0.000000 -1.000000
    outer loop
      vertex -16.772243 13.650000 5.400000
      vertex -16.274279 13.362500 5.400000
      vertex -16.386667 13.091171 5.400000
    endloop
  endfacet
  facet normal -0.991445 0.130526 0.000000
    outer loop
      vertex -16.942074 13.239992 5.400000
      vertex -17.000000 12.800000 5.400000
      vertex -17.000000 12.800000 5.550000
    endloop
  endfacet
  facet normal -0.991445 0.130526 0.000000
    outer loop
      vertex -16.942074 13.239992 5.400000
      vertex -17.000000 12.800000 5.550000
      vertex -16.942074 13.239992 5.550000
    endloop
  endfacet
  facet normal 0.991445 -0.130526 0.000000
    outer loop
      vertex -16.386667 13.091171 5.400000
      vertex -16.425000 12.800000 5.550000
      vertex -16.425000 12.800000 5.400000
    endloop
  endfacet
  facet normal 0.991445 -0.130526 0.000000
    outer loop
      vertex -16.386667 13.091171 5.400000
      vertex -16.386667 13.091171 5.550000
      vertex -16.425000 12.800000 5.550000
    endloop
  endfacet
  facet normal 0.000000 0.000000 1.000000
    outer loop
      vertex -16.942074 13.239992 5.550000
      vertex -17.000000 12.800000 5.550000
      vertex -16.425000 12.800000 5.550000
    endloop
  endfacet
  facet normal 0.000000 0.000000 1.000000
    outer loop
      vertex -16.942074 13.239992 5.550000
      vertex -16.425000 12.800000 5.550000
      vertex -16.386667 13.091171 5.550000
    endloop
  endfacet
  facet normal 0.000000 -0.000000 -1.000000
    outer loop
      vertex -16.942074 13.239992 5.400000
      vertex -16.425000 12.800000 5.400000
      vertex -17.000000 12.800000 5.400000
    endloop
  endfacet
  facet normal 0.000000 0.000000 -1.000000
    outer loop
      vertex -16.942074 13.239992 5.400000
      vertex -16.386667 13.091171 5.400000
      vertex -16.425000 12.800000 5.400000
    endloop
  endfacet
  facet normal -0.991445 -0.130526 0.000000
    outer loop
      vertex -17.000000 12.800000 5.400000
      vertex -16.942074 12.360008 5.400000
      vertex -16.942074 12.360008 5.550000
    endloop
  endfacet
  facet normal -0.991445 -0.130526 0.000000
    outer loop
      vertex -17.000000 12.800000 5.400000
      vertex -16.942074 12.360008 5.550000
      vertex -17.000000 12.800000 5.550000
    endloop
  endfacet
  facet normal 0.991445 0.130526 0.000000
    outer loop
      vertex -16.425000 12.800000 5.400000
      vertex -16.386667 12.508829 5.550000
      vertex -16.386667 12.508829 5.400000
    endloop
  endfacet
  facet normal 0.991445 0.130526 -0.000000
    outer loop
      vertex -16.425000 12.800000 5.400000
      vertex -16.425000 12.800000 5.550000
      vertex -16.386667 12.508829 5.550000
    endloop
  endfacet
  facet normal 0.000000 0.000000 1.000000
    outer loop
      vertex -17.000000 12.800000 5.550000
      vertex -16.942074 12.360008 5.550000
      vertex -16.386667 12.508829 5.550000
    endloop
  endfacet
  facet normal -0.000000 0.000000 1.000000
    outer loop
      vertex -17.000000 12.800000 5.550000
      vertex -16.386667 12.508829 5.550000
      vertex -16.425000 12.800000 5.550000
    endloop
  endfacet
  facet normal 0.000000 0.000000 -1.000000
    outer loop
      vertex -17.000000 12.800000 5.400000
      vertex -16.386667 12.508829 5.400000
      vertex -16.942074 12.360008 5.400000
    endloop
  endfacet
  facet normal 0.000000 0.000000 -1.000000
    outer loop
      vertex -17.000000 12.800000 5.400000
      vertex -16.425000 12.800000 5.400000
      vertex -16.386667 12.508829 5.400000
    endloop
  endfacet
  facet normal -0.923880 -0.382683 0.000000
    outer loop
      vertex -16.942074 12.360008 5.400000
      vertex -16.772243 11.950000 5.400000
      vertex -16.772243 11.950000 5.550000
    endloop
  endfacet
  facet normal -0.923880 -0.382683 0.000000
    outer loop
      vertex -16.942074 12.360008 5.400000
      vertex -16.772243 11.950000 5.550000
      vertex -16.942074 12.360008 5.550000
    endloop
  endfacet
  facet normal 0.923880 0.382683 0.000000
    outer loop
      vertex -16.386667 12.508829 5.400000
      vertex -16.274279 12.237500 5.550000
      vertex -16.274279 12.237500 5.400000
    endloop
  endfacet
  facet normal 0.923880 0.382683 -0.000000
    outer loop
      vertex -16.386667 12.508829 5.400000
      vertex -16.386667 12.508829 5.550000
      vertex -16.274279 12.237500 5.550000
    endloop
  endfacet
  facet normal 0.000000 0.000000 1.000000
    outer loop
      vertex -16.942074 12.360008 5.550000
      vertex -16.772243 11.950000 5.550000
      vertex -16.274279 12.237500 5.550000
    endloop
  endfacet
  facet normal -0.000000 0.000000 1.000000
    outer loop
      vertex -16.942074 12.360008 5.550000
      vertex -16.274279 12.237500 5.550000
      vertex -16.386667 12.508829 5.550000
    endloop
  endfacet
  facet normal 0.000000 0.000000 -1.000000
    outer loop
      vertex -16.942074 12.360008 5.400000
      vertex -16.274279 12.237500 5.400000
      vertex -16.772243 11.950000 5.400000
    endloop
  endfacet
  facet normal 0.000000 0.000000 -1.000000
    outer loop
      vertex -16.942074 12.360008 5.400000
      vertex -16.386667 12.508829 5.400000
      vertex -16.274279 12.237500 5.400000
    endloop
  endfacet
  facet normal -0.793353 -0.608761 0.000000
    outer loop
      vertex -16.772243 11.950000 5.400000
      vertex -16.502082 11.597918 5.400000
      vertex -16.502082 11.597918 5.550000
    endloop
  endfacet
  facet normal -0.793353 -0.608761 0.000000
    outer loop
      vertex -16.772243 11.950000 5.400000
      vertex -16.502082 11.597918 5.550000
      vertex -16.772243 11.950000 5.550000
    endloop
  endfacet
  facet normal 0.793353 0.608761 0.000000
    outer loop
      vertex -16.274279 12.237500 5.400000
      vertex -16.095495 12.004505 5.550000
      vertex -16.095495 12.004505 5.400000
    endloop
  endfacet
  facet normal 0.793353 0.608761 -0.000000
    outer loop
      vertex -16.274279 12.237500 5.400000
      vertex -16.274279 12.237500 5.550000
      vertex -16.095495 12.004505 5.550000
    endloop
  endfacet
  facet normal -0.000000 0.000000 1.000000
    outer loop
      vertex -16.772243 11.950000 5.550000
      vertex -16.502082 11.597918 5.550000
      vertex -16.095495 12.004505 5.550000
    endloop
  endfacet
  facet normal 0.000000 0.000000 1.000000
    outer loop
      vertex -16.772243 11.950000 5.550000
      vertex -16.095495 12.004505 5.550000
      vertex -16.274279 12.237500 5.550000
    endloop
  endfacet
  facet normal 0.000000 0.000000 -1.000000
    outer loop
      vertex -16.772243 11.950000 5.400000
      vertex -16.095495 12.004505 5.400000
      vertex -16.502082 11.597918 5.400000
    endloop
  endfacet
  facet normal 0.000000 0.000000 -1.000000
    outer loop
      vertex -16.772243 11.950000 5.400000
      vertex -16.274279 12.237500 5.400000
      vertex -16.095495 12.004505 5.400000
    endloop
  endfacet
  facet normal -0.608761 -0.793353 0.000000
    outer loop
      vertex -16.502082 11.597918 5.400000
      vertex -16.150000 11.327757 5.400000
      vertex -16.150000 11.327757 5.550000
    endloop
  endfacet
  facet normal -0.608761 -0.793353 0.000000
    outer loop
      vertex -16.502082 11.597918 5.400000
      vertex -16.150000 11.327757 5.550000
      vertex -16.502082 11.597918 5.550000
    endloop
  endfacet
  facet normal 0.608761 0.793353 0.000000
    outer loop
      vertex -16.095495 12.004505 5.400000
      vertex -15.862500 11.825721 5.550000
      vertex -15.862500 11.825721 5.400000
    endloop
  endfacet
  facet normal 0.608761 0.793353 -0.000000
    outer loop
      vertex -16.095495 12.004505 5.400000
      vertex -16.095495 12.004505 5.550000
      vertex -15.862500 11.825721 5.550000
    endloop
  endfacet
  facet normal -0.000000 0.000000 1.000000
    outer loop
      vertex -16.502082 11.597918 5.550000
      vertex -16.150000 11.327757 5.550000
      vertex -15.862500 11.825721 5.550000
    endloop
  endfacet
  facet normal 0.000000 0.000000 1.000000
    outer loop
      vertex -16.502082 11.597918 5.550000
      vertex -15.862500 11.825721 5.550000
      vertex -16.095495 12.004505 5.550000
    endloop
  endfacet
  facet normal 0.000000 0.000000 -1.000000
    outer loop
      vertex -16.502082 11.597918 5.400000
      vertex -15.862500 11.825721 5.400000
      vertex -16.150000 11.327757 5.400000
    endloop
  endfacet
  facet normal 0.000000 0.000000 -1.000000
    outer loop
      vertex -16.502082 11.597918 5.400000
      vertex -16.095495 12.004505 5.400000
      vertex -15.862500 11.825721 5.400000
    endloop
  endfacet
  facet normal -0.382683 -0.923880 0.000000
    outer loop
      vertex -16.150000 11.327757 5.400000
      vertex -15.739992 11.157926 5.400000
      vertex -15.739992 11.157926 5.550000
    endloop
  endfacet
  facet normal -0.382683 -0.923880 0.000000
    outer loop
      vertex -16.150000 11.327757 5.400000
      vertex -15.739992 11.157926 5.550000
      vertex -16.150000 11.327757 5.550000
    endloop
  endfacet
  facet normal 0.382683 0.923880 0.000000
    outer loop
      vertex -15.862500 11.825721 5.400000
      vertex -15.591171 11.713333 5.550000
      vertex -15.591171 11.713333 5.400000
    endloop
  endfacet
  facet normal 0.382683 0.923880 -0.000000
    outer loop
      vertex -15.862500 11.825721 5.400000
      vertex -15.862500 11.825721 5.550000
      vertex -15.591171 11.713333 5.550000
    endloop
  endfacet
  facet normal -0.000000 0.000000 1.000000
    outer loop
      vertex -16.150000 11.327757 5.550000
      vertex -15.739992 11.157926 5.550000
      vertex -15.591171 11.713333 5.550000
    endloop
  endfacet
  facet normal 0.000000 0.000000 1.000000
    outer loop
      vertex -16.150000 11.327757 5.550000
      vertex -15.591171 11.713333 5.550000
      vertex -15.862500 11.825721 5.550000
    endloop
  endfacet
  facet normal 0.000000 0.000000 -1.000000
    outer loop
      vertex -16.150000 11.327757 5.400000
      vertex -15.591171 11.713333 5.400000
      vertex -15.739992 11.157926 5.400000
    endloop
  endfacet
  facet normal 0.000000 0.000000 -1.000000
    outer loop
      vertex -16.150000 11.327757 5.400000
      vertex -15.862500 11.825721 5.400000
      vertex -15.591171 11.713333 5.400000
    endloop
  endfacet
  facet normal -0.130526 -0.991445 0.000000
    outer loop
      vertex -15.739992 11.157926 5.400000
      vertex -15.300000 11.100000 5.400000
      vertex -15.300000 11.100000 5.550000
    endloop
  endfacet
  facet normal -0.130526 -0.991445 0.000000
    outer loop
      vertex -15.739992 11.157926 5.400000
      vertex -15.300000 11.100000 5.550000
      vertex -15.739992 11.157926 5.550000
    endloop
  endfacet
  facet normal 0.130526 0.991445 0.000000
    outer loop
      vertex -15.591171 11.713333 5.400000
      vertex -15.300000 11.675000 5.550000
      vertex -15.300000 11.675000 5.400000
    endloop
  endfacet
  facet normal 0.130526 0.991445 -0.000000
    outer loop
      vertex -15.591171 11.713333 5.400000
      vertex -15.591171 11.713333 5.550000
      vertex -15.300000 11.675000 5.550000
    endloop
  endfacet
  facet normal -0.000000 0.000000 1.000000
    outer loop
      vertex -15.739992 11.157926 5.550000
      vertex -15.300000 11.100000 5.550000
      vertex -15.300000 11.675000 5.550000
    endloop
  endfacet
  facet normal 0.000000 0.000000 1.000000
    outer loop
      vertex -15.739992 11.157926 5.550000
      vertex -15.300000 11.675000 5.550000
      vertex -15.591171 11.713333 5.550000
    endloop
  endfacet
  facet normal 0.000000 0.000000 -1.000000
    outer loop
      vertex -15.739992 11.157926 5.400000
      vertex -15.300000 11.675000 5.400000
      vertex -15.300000 11.100000 5.400000
    endloop
  endfacet
  facet normal 0.000000 0.000000 -1.000000
    outer loop
      vertex -15.739992 11.157926 5.400000
      vertex -15.591171 11.713333 5.400000
      vertex -15.300000 11.675000 5.400000
    endloop
  endfacet
  facet normal 0.130526 -0.991445 0.000000
    outer loop
      vertex -15.300000 11.100000 5.400000
      vertex -14.860008 11.157926 5.400000
      vertex -14.860008 11.157926 5.550000
    endloop
  endfacet
  facet normal 0.130526 -0.991445 0.000000
    outer loop
      vertex -15.300000 11.100000 5.400000
      vertex -14.860008 11.157926 5.550000
      vertex -15.300000 11.100000 5.550000
    endloop
  endfacet
  facet normal -0.130526 0.991445 0.000000
    outer loop
      vertex -15.300000 11.675000 5.400000
      vertex -15.008829 11.713333 5.550000
      vertex -15.008829 11.713333 5.400000
    endloop
  endfacet
  facet normal -0.130526 0.991445 0.000000
    outer loop
      vertex -15.300000 11.675000 5.400000
      vertex -15.300000 11.675000 5.550000
      vertex -15.008829 11.713333 5.550000
    endloop
  endfacet
  facet normal 0.000000 0.000000 1.000000
    outer loop
      vertex -15.300000 11.100000 5.550000
      vertex -14.860008 11.157926 5.550000
      vertex -15.008829 11.713333 5.550000
    endloop
  endfacet
  facet normal 0.000000 0.000000 1.000000
    outer loop
      vertex -15.300000 11.100000 5.550000
      vertex -15.008829 11.713333 5.550000
      vertex -15.300000 11.675000 5.550000
    endloop
  endfacet
  facet normal 0.000000 0.000000 -1.000000
    outer loop
      vertex -15.300000 11.100000 5.400000
      vertex -15.008829 11.713333 5.400000
      vertex -14.860008 11.157926 5.400000
    endloop
  endfacet
  facet normal 0.000000 0.000000 -1.000000
    outer loop
      vertex -15.300000 11.100000 5.400000
      vertex -15.300000 11.675000 5.400000
      vertex -15.008829 11.713333 5.400000
    endloop
  endfacet
  facet normal 0.382683 -0.923880 0.000000
    outer loop
      vertex -14.860008 11.157926 5.400000
      vertex -14.450000 11.327757 5.400000
      vertex -14.450000 11.327757 5.550000
    endloop
  endfacet
  facet normal 0.382683 -0.923880 0.000000
    outer loop
      vertex -14.860008 11.157926 5.400000
      vertex -14.450000 11.327757 5.550000
      vertex -14.860008 11.157926 5.550000
    endloop
  endfacet
  facet normal -0.382683 0.923880 0.000000
    outer loop
      vertex -15.008829 11.713333 5.400000
      vertex -14.737500 11.825721 5.550000
      vertex -14.737500 11.825721 5.400000
    endloop
  endfacet
  facet normal -0.382683 0.923880 0.000000
    outer loop
      vertex -15.008829 11.713333 5.400000
      vertex -15.008829 11.713333 5.550000
      vertex -14.737500 11.825721 5.550000
    endloop
  endfacet
  facet normal 0.000000 0.000000 1.000000
    outer loop
      vertex -14.860008 11.157926 5.550000
      vertex -14.450000 11.327757 5.550000
      vertex -14.737500 11.825721 5.550000
    endloop
  endfacet
  facet normal 0.000000 -0.000000 1.000000
    outer loop
      vertex -14.860008 11.157926 5.550000
      vertex -14.737500 11.825721 5.550000
      vertex -15.008829 11.713333 5.550000
    endloop
  endfacet
  facet normal 0.000000 0.000000 -1.000000
    outer loop
      vertex -14.860008 11.157926 5.400000
      vertex -14.737500 11.825721 5.400000
      vertex -14.450000 11.327757 5.400000
    endloop
  endfacet
  facet normal 0.000000 0.000000 -1.000000
    outer loop
      vertex -14.860008 11.157926 5.400000
      vertex -15.008829 11.713333 5.400000
      vertex -14.737500 11.825721 5.400000
    endloop
  endfacet
  facet normal 0.608761 -0.793353 0.000000
    outer loop
      vertex -14.450000 11.327757 5.400000
      vertex -14.097918 11.597918 5.400000
      vertex -14.097918 11.597918 5.550000
    endloop
  endfacet
  facet normal 0.608761 -0.793353 0.000000
    outer loop
      vertex -14.450000 11.327757 5.400000
      vertex -14.097918 11.597918 5.550000
      vertex -14.450000 11.327757 5.550000
    endloop
  endfacet
  facet normal -0.608761 0.793353 0.000000
    outer loop
      vertex -14.737500 11.825721 5.400000
      vertex -14.504505 12.004505 5.550000
      vertex -14.504505 12.004505 5.400000
    endloop
  endfacet
  facet normal -0.608761 0.793353 0.000000
    outer loop
      vertex -14.737500 11.825721 5.400000
      vertex -14.737500 11.825721 5.550000
      vertex -14.504505 12.004505 5.550000
    endloop
  endfacet
  facet normal 0.000000 -0.000000 1.000000
    outer loop
      vertex -14.450000 11.327757 5.550000
      vertex -14.097918 11.597918 5.550000
      vertex -14.504505 12.004505 5.550000
    endloop
  endfacet
  facet normal 0.000000 0.000000 1.000000
    outer loop
      vertex -14.450000 11.327757 5.550000
      vertex -14.504505 12.004505 5.550000
      vertex -14.737500 11.825721 5.550000
    endloop
  endfacet
  facet normal 0.000000 0.000000 -1.000000
    outer loop
      vertex -14.450000 11.327757 5.400000
      vertex -14.504505 12.004505 5.400000
      vertex -14.097918 11.597918 5.400000
    endloop
  endfacet
  facet normal 0.000000 0.000000 -1.000000
    outer loop
      vertex -14.450000 11.327757 5.400000
      vertex -14.737500 11.825721 5.400000
      vertex -14.504505 12.004505 5.400000
    endloop
  endfacet
  facet normal 0.793353 -0.608761 0.000000
    outer loop
      vertex -14.097918 11.597918 5.400000
      vertex -13.827757 11.950000 5.400000
      vertex -13.827757 11.950000 5.550000
    endloop
  endfacet
  facet normal 0.793353 -0.608761 0.000000
    outer loop
      vertex -14.097918 11.597918 5.400000
      vertex -13.827757 11.950000 5.550000
      vertex -14.097918 11.597918 5.550000
    endloop
  endfacet
  facet normal -0.793353 0.608761 0.000000
    outer loop
      vertex -14.504505 12.004505 5.400000
      vertex -14.325721 12.237500 5.550000
      vertex -14.325721 12.237500 5.400000
    endloop
  endfacet
  facet normal -0.793353 0.608761 0.000000
    outer loop
      vertex -14.504505 12.004505 5.400000
      vertex -14.504505 12.004505 5.550000
      vertex -14.325721 12.237500 5.550000
    endloop
  endfacet
  facet normal 0.000000 -0.000000 1.000000
    outer loop
      vertex -14.097918 11.597918 5.550000
      vertex -13.827757 11.950000 5.550000
      vertex -14.325721 12.237500 5.550000
    endloop
  endfacet
  facet normal 0.000000 0.000000 1.000000
    outer loop
      vertex -14.097918 11.597918 5.550000
      vertex -14.325721 12.237500 5.550000
      vertex -14.504505 12.004505 5.550000
    endloop
  endfacet
  facet normal 0.000000 0.000000 -1.000000
    outer loop
      vertex -14.097918 11.597918 5.400000
      vertex -14.325721 12.237500 5.400000
      vertex -13.827757 11.950000 5.400000
    endloop
  endfacet
  facet normal 0.000000 0.000000 -1.000000
    outer loop
      vertex -14.097918 11.597918 5.400000
      vertex -14.504505 12.004505 5.400000
      vertex -14.325721 12.237500 5.400000
    endloop
  endfacet
  facet normal 0.923880 -0.382683 0.000000
    outer loop
      vertex -13.827757 11.950000 5.400000
      vertex -13.657926 12.360008 5.400000
      vertex -13.657926 12.360008 5.550000
    endloop
  endfacet
  facet normal 0.923880 -0.382683 0.000000
    outer loop
      vertex -13.827757 11.950000 5.400000
      vertex -13.657926 12.360008 5.550000
      vertex -13.827757 11.950000 5.550000
    endloop
  endfacet
  facet normal -0.923880 0.382683 0.000000
    outer loop
      vertex -14.325721 12.237500 5.400000
      vertex -14.213333 12.508829 5.550000
      vertex -14.213333 12.508829 5.400000
    endloop
  endfacet
  facet normal -0.923880 0.382683 0.000000
    outer loop
      vertex -14.325721 12.237500 5.400000
      vertex -14.325721 12.237500 5.550000
      vertex -14.213333 12.508829 5.550000
    endloop
  endfacet
  facet normal 0.000000 -0.000000 1.000000
    outer loop
      vertex -13.827757 11.950000 5.550000
      vertex -13.657926 12.360008 5.550000
      vertex -14.213333 12.508829 5.550000
    endloop
  endfacet
  facet normal 0.000000 0.000000 1.000000
    outer loop
      vertex -13.827757 11.950000 5.550000
      vertex -14.213333 12.508829 5.550000
      vertex -14.325721 12.237500 5.550000
    endloop
  endfacet
  facet normal 0.000000 0.000000 -1.000000
    outer loop
      vertex -13.827757 11.950000 5.400000
      vertex -14.213333 12.508829 5.400000
      vertex -13.657926 12.360008 5.400000
    endloop
  endfacet
  facet normal 0.000000 0.000000 -1.000000
    outer loop
      vertex -13.827757 11.950000 5.400000
      vertex -14.325721 12.237500 5.400000
      vertex -14.213333 12.508829 5.400000
    endloop
  endfacet
  facet normal 0.991445 -0.130526 0.000000
    outer loop
      vertex -13.657926 12.360008 5.400000
      vertex -13.600000 12.800000 5.400000
      vertex -13.600000 12.800000 5.550000
    endloop
  endfacet
  facet normal 0.991445 -0.130526 0.000000
    outer loop
      vertex -13.657926 12.360008 5.400000
      vertex -13.600000 12.800000 5.550000
      vertex -13.657926 12.360008 5.550000
    endloop
  endfacet
  facet normal -0.991445 0.130526 0.000000
    outer loop
      vertex -14.213333 12.508829 5.400000
      vertex -14.175000 12.800000 5.550000
      vertex -14.175000 12.800000 5.400000
    endloop
  endfacet
  facet normal -0.991445 0.130526 0.000000
    outer loop
      vertex -14.213333 12.508829 5.400000
      vertex -14.213333 12.508829 5.550000
      vertex -14.175000 12.800000 5.550000
    endloop
  endfacet
  facet normal 0.000000 -0.000000 1.000000
    outer loop
      vertex -13.657926 12.360008 5.550000
      vertex -13.600000 12.800000 5.550000
      vertex -14.175000 12.800000 5.550000
    endloop
  endfacet
  facet normal 0.000000 0.000000 1.000000
    outer loop
      vertex -13.657926 12.360008 5.550000
      vertex -14.175000 12.800000 5.550000
      vertex -14.213333 12.508829 5.550000
    endloop
  endfacet
  facet normal 0.000000 0.000000 -1.000000
    outer loop
      vertex -13.657926 12.360008 5.400000
      vertex -14.175000 12.800000 5.400000
      vertex -13.600000 12.800000 5.400000
    endloop
  endfacet
  facet normal 0.000000 0.000000 -1.000000
    outer loop
      vertex -13.657926 12.360008 5.400000
      vertex -14.213333 12.508829 5.400000
      vertex -14.175000 12.800000 5.400000
    endloop
  endfacet
  facet normal 0.000000 0.000000 1.000000
    outer loop
      vertex 3.250000 -9.750000 5.400000
      vertex 16.250000 -9.750000 5.400000
      vertex 16.250000 8.250000 5.400000
    endloop
  endfacet
  facet normal 0.000000 0.000000 1.000000
    outer loop
      vertex 3.250000 -9.750000 5.400000
      vertex 16.250000 8.250000 5.400000
      vertex 3.250000 8.250000 5.400000
    endloop
  endfacet
  facet normal 0.000000 0.000000 -1.000000
    outer loop
      vertex 3.250000 -9.750000 8.400000
      vertex 3.250000 8.250000 8.400000
      vertex 16.250000 8.250000 8.400000
    endloop
  endfacet
  facet normal 0.000000 0.000000 -1.000000
    outer loop
      vertex 3.250000 -9.750000 8.400000
      vertex 16.250000 8.250000 8.400000
      vertex 16.250000 -9.750000 8.400000
    endloop
  endfacet
  facet normal 0.000000 1.000000 0.000000
    outer loop
      vertex 3.250000 -9.750000 5.400000
      vertex 3.250000 -9.750000 8.400000
      vertex 16.250000 -9.750000 8.400000
    endloop
  endfacet
  facet normal 0.000000 1.000000 0.000000
    outer loop
      vertex 3.250000 -9.750000 5.400000
      vertex 16.250000 -9.750000 8.400000
      vertex 16.250000 -9.750000 5.400000
    endloop
  endfacet
  facet normal -1.000000 0.000000 0.000000
    outer loop
      vertex 16.250000 -9.750000 5.400000
      vertex 16.250000 -9.750000 8.400000
      vertex 16.250000 8.250000 8.400000
    endloop
  endfacet
  facet normal -1.000000 0.000000 0.000000
    outer loop
      vertex 16.250000 -9.750000 5.400000
      vertex 16.250000 8.250000 8.400000
      vertex 16.250000 8.250000 5.400000
    endloop
  endfacet
  facet normal 0.000000 -1.000000 0.000000
    outer loop
      vertex 16.250000 8.250000 5.400000
      vertex 16.250000 8.250000 8.400000
      vertex 3.250000 8.250000 8.400000
    endloop
  endfacet
  facet normal 0.000000 -1.000000 0.000000
    outer loop
      vertex 16.250000 8.250000 5.400000
      vertex 3.250000 8.250000 8.400000
      vertex 3.250000 8.250000 5.400000
    endloop
  endfacet
  facet normal 1.000000 0.000000 -0.000000
    outer loop
      vertex 3.250000 8.250000 5.400000
      vertex 3.250000 8.250000 8.400000
      vertex 3.250000 -9.750000 8.400000
    endloop
  endfacet
  facet normal 1.000000 0.000000 0.000000
    outer loop
      vertex 3.250000 8.250000 5.400000
      vertex 3.250000 -9.750000 8.400000
      vertex 3.250000 -9.750000 5.400000
    endloop
  endfacet
  facet normal 0.000000 0.000000 1.000000
    outer loop
      vertex -1.000000 -12.750000 5.400000
      vertex 1.000000 -12.750000 5.400000
      vertex 1.000000 -10.750000 5.400000
    endloop
  endfacet
  facet normal 0.000000 0.000000 1.000000
    outer loop
      vertex -1.000000 -12.750000 5.400000
      vertex 1.000000 -10.750000 5.400000
      vertex -1.000000 -10.750000 5.400000
    endloop
  endfacet
  facet normal 0.000000 0.000000 -1.000000
    outer loop
      vertex -1.000000 -12.750000 6.200000
      vertex -1.000000 -10.750000 6.200000
      vertex 1.000000 -10.750000 6.200000
    endloop
  endfacet
  facet normal 0.000000 0.000000 -1.000000
    outer loop
      vertex -1.000000 -12.750000 6.200000
      vertex 1.000000 -10.750000 6.200000
      vertex 1.000000 -12.750000 6.200000
    endloop
  endfacet
  facet normal 0.000000 1.000000 0.000000
    outer loop
      vertex -1.000000 -12.750000 5.400000
      vertex -1.000000 -12.750000 6.200000
      vertex 1.000000 -12.750000 6.200000
    endloop
  endfacet
  facet normal 0.000000 1.000000 0.000000
    outer loop
      vertex -1.000000 -12.750000 5.400000
      vertex 1.000000 -12.750000 6.200000
      vertex 1.000000 -12.750000 5.400000
    endloop
  endfacet
  facet normal -1.000000 0.000000 0.000000
    outer loop
      vertex 1.000000 -12.750000 5.400000
      vertex 1.000000 -12.750000 6.200000
      vertex 1.000000 -10.750000 6.200000
    endloop
  endfacet
  facet normal -1.000000 0.000000 0.000000
    outer loop
      vertex 1.000000 -12.750000 5.400000
      vertex 1.000000 -10.750000 6.200000
      vertex 1.000000 -10.750000 5.400000
    endloop
  endfacet
  facet normal 0.000000 -1.000000 0.000000
    outer loop
      vertex 1.000000 -10.750000 5.400000
      vertex 1.000000 -10.750000 6.200000
      vertex -1.000000 -10.750000 6.200000
    endloop
  endfacet
  facet normal 0.000000 -1.000000 0.000000
    outer loop
      vertex 1.000000 -10.750000 5.400000
      vertex -1.000000 -10.750000 6.200000
      vertex -1.000000 -10.750000 5.400000
    endloop
  endfacet
  facet normal 1.000000 0.000000 -0.000000
    outer loop
      vertex -1.000000 -10.750000 5.400000
      vertex -1.000000 -10.750000 6.200000
      vertex -1.000000 -12.750000 6.200000
    endloop
  endfacet
  facet normal 1.000000 0.000000 0.000000
    outer loop
      vertex -1.000000 -10.750000 5.400000
      vertex -1.000000 -12.750000 6.200000
      vertex -1.000000 -12.750000 5.400000
    endloop
  endfacet
  facet normal 0.000000 0.000000 1.000000
    outer loop
      vertex -15.412500 -1.450000 5.400000
      vertex -9.412500 -1.450000 5.400000
      vertex -9.412500 1.450000 5.400000
    endloop
  endfacet
  facet normal 0.000000 0.000000 1.000000
    outer loop
      vertex -15.412500 -1.450000 5.400000
      vertex -9.412500 1.450000 5.400000
      vertex -15.412500 1.450000 5.400000
    endloop
  endfacet
  facet normal 0.000000 0.000000 -1.000000
    outer loop
      vertex -15.412500 -1.450000 9.700000
      vertex -15.412500 1.450000 9.700000
      vertex -9.412500 1.450000 9.700000
    endloop
  endfacet
  facet normal 0.000000 0.000000 -1.000000
    outer loop
      vertex -15.412500 -1.450000 9.700000
      vertex -9.412500 1.450000 9.700000
      vertex -9.412500 -1.450000 9.700000
    endloop
  endfacet
  facet normal 0.000000 1.000000 0.000000
    outer loop
      vertex -15.412500 -1.450000 5.400000
      vertex -15.412500 -1.450000 9.700000
      vertex -9.412500 -1.450000 9.700000
    endloop
  endfacet
  facet normal 0.000000 1.000000 0.000000
    outer loop
      vertex -15.412500 -1.450000 5.400000
      vertex -9.412500 -1.450000 9.700000
      vertex -9.412500 -1.450000 5.400000
    endloop
  endfacet
  facet normal -1.000000 0.000000 0.000000
    outer loop
      vertex -9.412500 -1.450000 5.400000
      vertex -9.412500 -1.450000 9.700000
      vertex -9.412500 1.450000 9.700000
    endloop
  endfacet
  facet normal -1.000000 0.000000 0.000000
    outer loop
      vertex -9.412500 -1.450000 5.400000
      vertex -9.412500 1.450000 9.700000
      vertex -9.412500 1.450000 5.400000
    endloop
  endfacet
  facet normal 0.000000 -1.000000 0.000000
    outer loop
      vertex -9.412500 1.450000 5.400000
      vertex -9.412500 1.450000 9.700000
      vertex -15.412500 1.450000 9.700000
    endloop
  endfacet
  facet normal 0.000000 -1.000000 0.000000
    outer loop
      vertex -9.412500 1.450000 5.400000
      vertex -15.412500 1.450000 9.700000
      vertex -15.412500 1.450000 5.400000
    endloop
  endfacet
  facet normal 1.000000 0.000000 -0.000000
    outer loop
      vertex -15.412500 1.450000 5.400000
      vertex -15.412500 1.450000 9.700000
      vertex -15.412500 -1.450000 9.700000
    endloop
  endfacet
  facet normal 1.000000 0.000000 0.000000
    outer loop
      vertex -15.412500 1.450000 5.400000
      vertex -15.412500 -1.450000 9.700000
      vertex -15.412500 -1.450000 5.400000
    endloop
  endfacet
  facet normal 0.000000 0.000000 1.000000
    outer loop
      vertex 5.600000 -14.200000 5.400000
      vertex 10.800000 -14.200000 5.400000
      vertex 10.800000 -9.000000 5.400000
    endloop
  endfacet
  facet normal 0.000000 0.000000 1.000000
    outer loop
      vertex 5.600000 -14.200000 5.400000
      vertex 10.800000 -9.000000 5.400000
      vertex 5.600000 -9.000000 5.400000
    endloop
  endfacet
  facet normal 0.000000 0.000000 -1.000000
    outer loop
      vertex 5.600000 -14.200000 6.900000
      vertex 5.600000 -9.000000 6.900000
      vertex 10.800000 -9.000000 6.900000
    endloop
  endfacet
  facet normal 0.000000 0.000000 -1.000000
    outer loop
      vertex 5.600000 -14.200000 6.900000
      vertex 10.800000 -9.000000 6.900000
      vertex 10.800000 -14.200000 6.900000
    endloop
  endfacet
  facet normal 0.000000 1.000000 0.000000
    outer loop
      vertex 5.600000 -14.200000 5.400000
      vertex 5.600000 -14.200000 6.900000
      vertex 10.800000 -14.200000 6.900000
    endloop
  endfacet
  facet normal 0.000000 1.000000 0.000000
    outer loop
      vertex 5.600000 -14.200000 5.400000
      vertex 10.800000 -14.200000 6.900000
      vertex 10.800000 -14.200000 5.400000
    endloop
  endfacet
  facet normal -1.000000 0.000000 0.000000
    outer loop
      vertex 10.800000 -14.200000 5.400000
      vertex 10.800000 -14.200000 6.900000
      vertex 10.800000 -9.000000 6.900000
    endloop
  endfacet
  facet normal -1.000000 0.000000 0.000000
    outer loop
      vertex 10.800000 -14.200000 5.400000
      vertex 10.800000 -9.000000 6.900000
      vertex 10.800000 -9.000000 5.400000
    endloop
  endfacet
  facet normal 0.000000 -1.000000 0.000000
    outer loop
      vertex 10.800000 -9.000000 5.400000
      vertex 10.800000 -9.000000 6.900000
      vertex 5.600000 -9.000000 6.900000
    endloop
  endfacet
  facet normal 0.000000 -1.000000 0.000000
    outer loop
      vertex 10.800000 -9.000000 5.400000
      vertex 5.600000 -9.000000 6.900000
      vertex 5.600000 -9.000000 5.400000
    endloop
  endfacet
  facet normal 1.000000 0.000000 -0.000000
    outer loop
      vertex 5.600000 -9.000000 5.400000
      vertex 5.600000 -9.000000 6.900000
      vertex 5.600000 -14.200000 6.900000
    endloop
  endfacet
  facet normal 1.000000 0.000000 0.000000
    outer loop
      vertex 5.600000 -9.000000 5.400000
      vertex 5.600000 -14.200000 6.900000
      vertex 5.600000 -14.200000 5.400000
    endloop
  endfacet
  facet normal 0.000000 0.000000 1.000000
    outer loop
      vertex -10.000000 8.500000 5.400000
      vertex -4.800000 8.500000 5.400000
      vertex -4.800000 13.700000 5.400000
    endloop
  endfacet
  facet normal 0.000000 0.000000 1.000000
    outer loop
      vertex -10.000000 8.500000 5.400000
      vertex -4.800000 13.700000 5.400000
      vertex -10.000000 13.700000 5.400000
    endloop
  endfacet
  facet normal 0.000000 0.000000 -1.000000
    outer loop
      vertex -10.000000 8.500000 6.900000
      vertex -10.000000 13.700000 6.900000
      vertex -4.800000 13.700000 6.900000
    endloop
  endfacet
  facet normal 0.000000 0.000000 -1.000000
    outer loop
      vertex -10.000000 8.500000 6.900000
      vertex -4.800000 13.700000 6.900000
      vertex -4.800000 8.500000 6.900000
    endloop
  endfacet
  facet normal 0.000000 1.000000 0.000000
    outer loop
      vertex -10.000000 8.500000 5.400000
      vertex -10.000000 8.500000 6.900000
      vertex -4.800000 8.500000 6.900000
    endloop
  endfacet
  facet normal 0.000000 1.000000 0.000000
    outer loop
      vertex -10.000000 8.500000 5.400000
      vertex -4.800000 8.500000 6.900000
      vertex -4.800000 8.500000 5.400000
    endloop
  endfacet
  facet normal -1.000000 0.000000 0.000000
    outer loop
      vertex -4.800000 8.500000 5.400000
      vertex -4.800000 8.500000 6.900000
      vertex -4.800000 13.700000 6.900000
    endloop
  endfacet
  facet normal -1.000000 0.000000 0.000000
    outer loop
      vertex -4.800000 8.500000 5.400000
      vertex -4.800000 13.700000 6.900000
      vertex -4.800000 13.700000 5.400000
    endloop
  endfacet
  facet normal 0.000000 -1.000000 0.000000
    outer loop
      vertex -4.800000 13.700000 5.400000
      vertex -4.800000 13.700000 6.900000
      vertex -10.000000 13.700000 6.900000
    endloop
  endfacet
  facet normal 0.000000 -1.000000 0.000000
    outer loop
      vertex -4.800000 13.700000 5.400000
      vertex -10.000000 13.700000 6.900000
      vertex -10.000000 13.700000 5.400000
    endloop
  endfacet
  facet normal 1.000000 0.000000 -0.000000
    outer loop
      vertex -10.000000 13.700000 5.400000
      vertex -10.000000 13.700000 6.900000
      vertex -10.000000 8.500000 6.900000
    endloop
  endfacet
  facet normal 1.000000 0.000000 0.000000
    outer loop
      vertex -10.000000 13.700000 5.400000
      vertex -10.000000 8.500000 6.900000
      vertex -10.000000 8.500000 5.400000
    endloop
  endfacet
  facet normal 0.000000 0.000000 1.000000
    outer loop
      vertex 1.800000 7.700000 5.400000
      vertex 14.800000 7.700000 5.400000
      vertex 14.800000 13.700000 5.400000
    endloop
  endfacet
  facet normal 0.000000 0.000000 1.000000
    outer loop
      vertex 1.800000 7.700000 5.400000
      vertex 14.800000 13.700000 5.400000
      vertex 1.800000 13.700000 5.400000
    endloop
  endfacet
  facet normal 0.000000 0.000000 -1.000000
    outer loop
      vertex 1.800000 7.700000 10.400000
      vertex 1.800000 13.700000 10.400000
      vertex 14.800000 13.700000 10.400000
    endloop
  endfacet
  facet normal 0.000000 0.000000 -1.000000
    outer loop
      vertex 1.800000 7.700000 10.400000
      vertex 14.800000 13.700000 10.400000
      vertex 14.800000 7.700000 10.400000
    endloop
  endfacet
  facet normal 0.000000 1.000000 0.000000
    outer loop
      vertex 1.800000 7.700000 5.400000
      vertex 1.800000 7.700000 10.400000
      vertex 14.800000 7.700000 10.400000
    endloop
  endfacet
  facet normal 0.000000 1.000000 0.000000
    outer loop
      vertex 1.800000 7.700000 5.400000
      vertex 14.800000 7.700000 10.400000
      vertex 14.800000 7.700000 5.400000
    endloop
  endfacet
  facet normal -1.000000 0.000000 0.000000
    outer loop
      vertex 14.800000 7.700000 5.400000
      vertex 14.800000 7.700000 10.400000
      vertex 14.800000 13.700000 10.400000
    endloop
  endfacet
  facet normal -1.000000 0.000000 0.000000
    outer loop
      vertex 14.800000 7.700000 5.400000
      vertex 14.800000 13.700000 10.400000
      vertex 14.800000 13.700000 5.400000
    endloop
  endfacet
  facet normal 0.000000 -1.000000 0.000000
    outer loop
      vertex 14.800000 13.700000 5.400000
      vertex 14.800000 13.700000 10.400000
      vertex 1.800000 13.700000 10.400000
    endloop
  endfacet
  facet normal 0.000000 -1.000000 0.000000
    outer loop
      vertex 14.800000 13.700000 5.400000
      vertex 1.800000 13.700000 10.400000
      vertex 1.800000 13.700000 5.400000
    endloop
  endfacet
  facet normal 1.000000 0.000000 -0.000000
    outer loop
      vertex 1.800000 13.700000 5.400000
      vertex 1.800000 13.700000 10.400000
      vertex 1.800000 7.700000 10.400000
    endloop
  endfacet
  facet normal 1.000000 0.000000 0.000000
    outer loop
      vertex 1.800000 13.700000 5.400000
      vertex 1.800000 7.700000 10.400000
      vertex 1.800000 7.700000 5.400000
    endloop
  endfacet
  facet normal 0.000000 0.000000 1.000000
    outer loop
      vertex -10.700000 -13.900000 5.400000
      vertex -4.700000 -13.900000 5.400000
      vertex -4.700000 -9.900000 5.400000
    endloop
  endfacet
  facet normal 0.000000 0.000000 1.000000
    outer loop
      vertex -10.700000 -13.900000 5.400000
      vertex -4.700000 -9.900000 5.400000
      vertex -10.700000 -9.900000 5.400000
    endloop
  endfacet
  facet normal 0.000000 0.000000 -1.000000
    outer loop
      vertex -10.700000 -13.900000 9.700000
      vertex -10.700000 -9.900000 9.700000
      vertex -4.700000 -9.900000 9.700000
    endloop
  endfacet
  facet normal 0.000000 0.000000 -1.000000
    outer loop
      vertex -10.700000 -13.900000 9.700000
      vertex -4.700000 -9.900000 9.700000
      vertex -4.700000 -13.900000 9.700000
    endloop
  endfacet
  facet normal 0.000000 1.000000 0.000000
    outer loop
      vertex -10.700000 -13.900000 5.400000
      vertex -10.700000 -13.900000 9.700000
      vertex -4.700000 -13.900000 9.700000
    endloop
  endfacet
  facet normal 0.000000 1.000000 0.000000
    outer loop
      vertex -10.700000 -13.900000 5.400000
      vertex -4.700000 -13.900000 9.700000
      vertex -4.700000 -13.900000 5.400000
    endloop
  endfacet
  facet normal -1.000000 0.000000 0.000000
    outer loop
      vertex -4.700000 -13.900000 5.400000
      vertex -4.700000 -13.900000 9.700000
      vertex -4.700000 -9.900000 9.700000
    endloop
  endfacet
  facet normal -1.000000 0.000000 0.000000
    outer loop
      vertex -4.700000 -13.900000 5.400000
      vertex -4.700000 -9.900000 9.700000
      vertex -4.700000 -9.900000 5.400000
    endloop
  endfacet
  facet normal 0.000000 -1.000000 0.000000
    outer loop
      vertex -4.700000 -9.900000 5.400000
      vertex -4.700000 -9.900000 9.700000
      vertex -10.700000 -9.900000 9.700000
    endloop
  endfacet
  facet normal 0.000000 -1.000000 0.000000
    outer loop
      vertex -4.700000 -9.900000 5.400000
      vertex -10.700000 -9.900000 9.700000
      vertex -10.700000 -9.900000 5.400000
    endloop
  endfacet
  facet normal 1.000000 0.000000 -0.000000
    outer loop
      vertex -10.700000 -9.900000 5.400000
      vertex -10.700000 -9.900000 9.700000
      vertex -10.700000 -13.900000 9.700000
    endloop
  endfacet
  facet normal 1.000000 0.000000 0.000000
    outer loop
      vertex -10.700000 -9.900000 5.400000
      vertex -10.700000 -13.900000 9.700000
      vertex -10.700000 -13.900000 5.400000
    endloop
  endfacet
  facet normal 0.000000 0.000000 1.000000
    outer loop
      vertex 1.000000 10.875000 5.400000
      vertex 3.000000 10.875000 5.400000
      vertex 3.000000 12.125000 5.400000
    endloop
  endfacet
  facet normal 0.000000 0.000000 1.000000
    outer loop
      vertex 1.000000 10.875000 5.400000
      vertex 3.000000 12.125000 5.400000
      vertex 1.000000 12.125000 5.400000
    endloop
  endfacet
  facet normal 0.000000 0.000000 -1.000000
    outer loop
      vertex 1.000000 10.875000 6.200000
      vertex 1.000000 12.125000 6.200000
      vertex 3.000000 12.125000 6.200000
    endloop
  endfacet
  facet normal 0.000000 0.000000 -1.000000
    outer loop
      vertex 1.000000 10.875000 6.200000
      vertex 3.000000 12.125000 6.200000
      vertex 3.000000 10.875000 6.200000
    endloop
  endfacet
  facet normal 0.000000 1.000000 0.000000
    outer loop
      vertex 1.000000 10.875000 5.400000
      vertex 1.000000 10.875000 6.200000
      vertex 3.000000 10.875000 6.200000
    endloop
  endfacet
  facet normal 0.000000 1.000000 0.000000
    outer loop
      vertex 1.000000 10.875000 5.400000
      vertex 3.000000 10.875000 6.200000
      vertex 3.000000 10.875000 5.400000
    endloop
  endfacet
  facet normal -1.000000 0.000000 0.000000
    outer loop
      vertex 3.000000 10.875000 5.400000
      vertex 3.000000 10.875000 6.200000
      vertex 3.000000 12.125000 6.200000
    endloop
  endfacet
  facet normal -1.000000 0.000000 0.000000
    outer loop
      vertex 3.000000 10.875000 5.400000
      vertex 3.000000 12.125000 6.200000
      vertex 3.000000 12.125000 5.400000
    endloop
  endfacet
  facet normal 0.000000 -1.000000 0.000000
    outer loop
      vertex 3.000000 12.125000 5.400000
      vertex 3.000000 12.125000 6.200000
      vertex 1.000000 12.125000 6.200000
    endloop
  endfacet
  facet normal 0.000000 -1.000000 0.000000
    outer loop
      vertex 3.000000 12.125000 5.400000
      vertex 1.000000 12.125000 6.200000
      vertex 1.000000 12.125000 5.400000
    endloop
  endfacet
  facet normal 1.000000 0.000000 -0.000000
    outer loop
      vertex 1.000000 12.125000 5.400000
      vertex 1.000000 12.125000 6.200000
      vertex 1.000000 10.875000 6.200000
    endloop
  endfacet
  facet normal 1.000000 0.000000 0.000000
    outer loop
      vertex 1.000000 12.125000 5.400000
      vertex 1.000000 10.875000 6.200000
      vertex 1.000000 10.875000 5.400000
    endloop
  endfacet
  facet normal 0.000000 0.000000 1.000000
    outer loop
      vertex -13.750000 -5.600000 5.400000
      vertex -10.750000 -5.600000 5.400000
      vertex -10.750000 -3.900000 5.400000
    endloop
  endfacet
  facet normal 0.000000 0.000000 1.000000
    outer loop
      vertex -13.750000 -5.600000 5.400000
      vertex -10.750000 -3.900000 5.400000
      vertex -13.750000 -3.900000 5.400000
    endloop
  endfacet
  facet normal 0.000000 0.000000 -1.000000
    outer loop
      vertex -13.750000 -5.600000 6.500000
      vertex -13.750000 -3.900000 6.500000
      vertex -10.750000 -3.900000 6.500000
    endloop
  endfacet
  facet normal 0.000000 0.000000 -1.000000
    outer loop
      vertex -13.750000 -5.600000 6.500000
      vertex -10.750000 -3.900000 6.500000
      vertex -10.750000 -5.600000 6.500000
    endloop
  endfacet
  facet normal 0.000000 1.000000 0.000000
    outer loop
      vertex -13.750000 -5.600000 5.400000
      vertex -13.750000 -5.600000 6.500000
      vertex -10.750000 -5.600000 6.500000
    endloop
  endfacet
  facet normal 0.000000 1.000000 0.000000
    outer loop
      vertex -13.750000 -5.600000 5.400000
      vertex -10.750000 -5.600000 6.500000
      vertex -10.750000 -5.600000 5.400000
    endloop
  endfacet
  facet normal -1.000000 0.000000 0.000000
    outer loop
      vertex -10.750000 -5.600000 5.400000
      vertex -10.750000 -5.600000 6.500000
      vertex -10.750000 -3.900000 6.500000
    endloop
  endfacet
  facet normal -1.000000 0.000000 0.000000
    outer loop
      vertex -10.750000 -5.600000 5.400000
      vertex -10.750000 -3.900000 6.500000
      vertex -10.750000 -3.900000 5.400000
    endloop
  endfacet
  facet normal 0.000000 -1.000000 0.000000
    outer loop
      vertex -10.750000 -3.900000 5.400000
      vertex -10.750000 -3.900000 6.500000
      vertex -13.750000 -3.900000 6.500000
    endloop
  endfacet
  facet normal 0.000000 -1.000000 0.000000
    outer loop
      vertex -10.750000 -3.900000 5.400000
      vertex -13.750000 -3.900000 6.500000
      vertex -13.750000 -3.900000 5.400000
    endloop
  endfacet
  facet normal 1.000000 0.000000 -0.000000
    outer loop
      vertex -13.750000 -3.900000 5.400000
      vertex -13.750000 -3.900000 6.500000
      vertex -13.750000 -5.600000 6.500000
    endloop
  endfacet
  facet normal 1.000000 0.000000 0.000000
    outer loop
      vertex -13.750000 -3.900000 5.400000
      vertex -13.750000 -5.600000 6.500000
      vertex -13.750000 -5.600000 5.400000
    endloop
  endfacet
  facet normal 0.000000 0.000000 1.000000
    outer loop
      vertex -16.300000 -7.600000 5.400000
      vertex -14.700000 -7.600000 5.400000
      vertex -14.700000 -6.400000 5.400000
    endloop
  endfacet
  facet normal 0.000000 0.000000 1.000000
    outer loop
      vertex -16.300000 -7.600000 5.400000
      vertex -14.700000 -6.400000 5.400000
      vertex -16.300000 -6.400000 5.400000
    endloop
  endfacet
  facet normal 0.000000 0.000000 -1.000000
    outer loop
      vertex -16.300000 -7.600000 6.000000
      vertex -16.300000 -6.400000 6.000000
      vertex -14.700000 -6.400000 6.000000
    endloop
  endfacet
  facet normal 0.000000 0.000000 -1.000000
    outer loop
      vertex -16.300000 -7.600000 6.000000
      vertex -14.700000 -6.400000 6.000000
      vertex -14.700000 -7.600000 6.000000
    endloop
  endfacet
  facet normal 0.000000 1.000000 0.000000
    outer loop
      vertex -16.300000 -7.600000 5.400000
      vertex -16.300000 -7.600000 6.000000
      vertex -14.700000 -7.600000 6.000000
    endloop
  endfacet
  facet normal 0.000000 1.000000 0.000000
    outer loop
      vertex -16.300000 -7.600000 5.400000
      vertex -14.700000 -7.600000 6.000000
      vertex -14.700000 -7.600000 5.400000
    endloop
  endfacet
  facet normal -1.000000 0.000000 0.000000
    outer loop
      vertex -14.700000 -7.600000 5.400000
      vertex -14.700000 -7.600000 6.000000
      vertex -14.700000 -6.400000 6.000000
    endloop
  endfacet
  facet normal -1.000000 0.000000 0.000000
    outer loop
      vertex -14.700000 -7.600000 5.400000
      vertex -14.700000 -6.400000 6.000000
      vertex -14.700000 -6.400000 5.400000
    endloop
  endfacet
  facet normal 0.000000 -1.000000 0.000000
    outer loop
      vertex -14.700000 -6.400000 5.400000
      vertex -14.700000 -6.400000 6.000000
      vertex -16.300000 -6.400000 6.000000
    endloop
  endfacet
  facet normal 0.000000 -1.000000 0.000000
    outer loop
      vertex -14.700000 -6.400000 5.400000
      vertex -16.300000 -6.400000 6.000000
      vertex -16.300000 -6.400000 5.400000
    endloop
  endfacet
  facet normal 1.000000 0.000000 -0.000000
    outer loop
      vertex -16.300000 -6.400000 5.400000
      vertex -16.300000 -6.400000 6.000000
      vertex -16.300000 -7.600000 6.000000
    endloop
  endfacet
  facet normal 1.000000 0.000000 0.000000
    outer loop
      vertex -16.300000 -6.400000 5.400000
      vertex -16.300000 -7.600000 6.000000
      vertex -16.300000 -7.600000 5.400000
    endloop
  endfacet
  facet normal 0.000000 0.000000 1.000000
    outer loop
      vertex -4.600000 -12.750000 5.400000
      vertex -1.400000 -12.750000 5.400000
      vertex -1.400000 -11.250000 5.400000
    endloop
  endfacet
  facet normal 0.000000 0.000000 1.000000
    outer loop
      vertex -4.600000 -12.750000 5.400000
      vertex -1.400000 -11.250000 5.400000
      vertex -4.600000 -11.250000 5.400000
    endloop
  endfacet
  facet normal 0.000000 0.000000 -1.000000
    outer loop
      vertex -4.600000 -12.750000 6.300000
      vertex -4.600000 -11.250000 6.300000
      vertex -1.400000 -11.250000 6.300000
    endloop
  endfacet
  facet normal 0.000000 0.000000 -1.000000
    outer loop
      vertex -4.600000 -12.750000 6.300000
      vertex -1.400000 -11.250000 6.300000
      vertex -1.400000 -12.750000 6.300000
    endloop
  endfacet
  facet normal 0.000000 1.000000 0.000000
    outer loop
      vertex -4.600000 -12.750000 5.400000
      vertex -4.600000 -12.750000 6.300000
      vertex -1.400000 -12.750000 6.300000
    endloop
  endfacet
  facet normal 0.000000 1.000000 0.000000
    outer loop
      vertex -4.600000 -12.750000 5.400000
      vertex -1.400000 -12.750000 6.300000
      vertex -1.400000 -12.750000 5.400000
    endloop
  endfacet
  facet normal -1.000000 0.000000 0.000000
    outer loop
      vertex -1.400000 -12.750000 5.400000
      vertex -1.400000 -12.750000 6.300000
      vertex -1.400000 -11.250000 6.300000
    endloop
  endfacet
  facet normal -1.000000 0.000000 0.000000
    outer loop
      vertex -1.400000 -12.750000 5.400000
      vertex -1.400000 -11.250000 6.300000
      vertex -1.400000 -11.250000 5.400000
    endloop
  endfacet
  facet normal 0.000000 -1.000000 0.000000
    outer loop
      vertex -1.400000 -11.250000 5.400000
      vertex -1.400000 -11.250000 6.300000
      vertex -4.600000 -11.250000 6.300000
    endloop
  endfacet
  facet normal 0.000000 -1.000000 0.000000
    outer loop
      vertex -1.400000 -11.250000 5.400000
      vertex -4.600000 -11.250000 6.300000
      vertex -4.600000 -11.250000 5.400000
    endloop
  endfacet
  facet normal 1.000000 0.000000 -0.000000
    outer loop
      vertex -4.600000 -11.250000 5.400000
      vertex -4.600000 -11.250000 6.300000
      vertex -4.600000 -12.750000 6.300000
    endloop
  endfacet
  facet normal 1.000000 0.000000 0.000000
    outer loop
      vertex -4.600000 -11.250000 5.400000
      vertex -4.600000 -12.750000 6.300000
      vertex -4.600000 -12.750000 5.400000
    endloop
  endfacet
  facet normal 0.000000 0.000000 1.000000
    outer loop
      vertex -7.350000 5.750000 5.400000
      vertex -4.150000 5.750000 5.400000
      vertex -4.150000 7.250000 5.400000
    endloop
  endfacet
  facet normal 0.000000 0.000000 1.000000
    outer loop
      vertex -7.350000 5.750000 5.400000
      vertex -4.150000 7.250000 5.400000
      vertex -7.350000 7.250000 5.400000
    endloop
  endfacet
  facet normal 0.000000 0.000000 -1.000000
    outer loop
      vertex -7.350000 5.750000 6.300000
      vertex -7.350000 7.250000 6.300000
      vertex -4.150000 7.250000 6.300000
    endloop
  endfacet
  facet normal 0.000000 0.000000 -1.000000
    outer loop
      vertex -7.350000 5.750000 6.300000
      vertex -4.150000 7.250000 6.300000
      vertex -4.150000 5.750000 6.300000
    endloop
  endfacet
  facet normal 0.000000 1.000000 0.000000
    outer loop
      vertex -7.350000 5.750000 5.400000
      vertex -7.350000 5.750000 6.300000
      vertex -4.150000 5.750000 6.300000
    endloop
  endfacet
  facet normal 0.000000 1.000000 0.000000
    outer loop
      vertex -7.350000 5.750000 5.400000
      vertex -4.150000 5.750000 6.300000
      vertex -4.150000 5.750000 5.400000
    endloop
  endfacet
  facet normal -1.000000 0.000000 0.000000
    outer loop
      vertex -4.150000 5.750000 5.400000
      vertex -4.150000 5.750000 6.300000
      vertex -4.150000 7.250000 6.300000
    endloop
  endfacet
  facet normal -1.000000 0.000000 0.000000
    outer loop
      vertex -4.150000 5.750000 5.400000
      vertex -4.150000 7.250000 6.300000
      vertex -4.150000 7.250000 5.400000
    endloop
  endfacet
  facet normal 0.000000 -1.000000 0.000000
    outer loop
      vertex -4.150000 7.250000 5.400000
      vertex -4.150000 7.250000 6.300000
      vertex -7.350000 7.250000 6.300000
    endloop
  endfacet
  facet normal 0.000000 -1.000000 0.000000
    outer loop
      vertex -4.150000 7.250000 5.400000
      vertex -7.350000 7.250000 6.300000
      vertex -7.350000 7.250000 5.400000
    endloop
  endfacet
  facet normal 1.000000 0.000000 -0.000000
    outer loop
      vertex -7.350000 7.250000 5.400000
      vertex -7.350000 7.250000 6.300000
      vertex -7.350000 5.750000 6.300000
    endloop
  endfacet
  facet normal 1.000000 0.000000 0.000000
    outer loop
      vertex -7.350000 7.250000 5.400000
      vertex -7.350000 5.750000 6.300000
      vertex -7.350000 5.750000 5.400000
    endloop
  endfacet
endsolid schneggi_base_pcb_components
